Run #1;Run #1;Run #1;Run #1;Run #1;Run #1;Run #1;Run #1;Run #1;Run #1;Run #1
Date and Time;Time (s);Position (m);Velocity (m/s);Acceleration (m/s²);Angle (rad);Angular Velocity (rad/s);Angular Acceleration (rad/s²);Position (m);Velocity (m/s);Acceleration (m/s²)
04/12/2019 08:45:04 am;0,000;;;;0,000;;;0,0000;;
04/12/2019 08:45:04 am;0,050;1,045;;;0,000;0,000;;0,0000;0,000;
04/12/2019 08:45:04 am;0,100;1,082;0,65;;0,000;0,000;0,000;0,0000;0,000;0,000
04/12/2019 08:45:04 am;0,150;1,110;0,48;-3,7;0,000;0,000;0,000;0,0000;0,000;0,000
04/12/2019 08:45:04 am;0,200;1,129;0,28;-4,0;0,000;0,000;0,000;0,0000;0,000;0,000
04/12/2019 08:45:04 am;0,250;1,138;0,07;-4,0;0,000;0,000;0,000;0,0000;0,000;0,000
04/12/2019 08:45:04 am;0,300;1,137;-0,12;-3,9;0,000;0,000;0,000;0,0000;0,000;0,000
04/12/2019 08:45:04 am;0,350;1,126;-0,31;-3,8;0,000;0,000;0,000;0,0000;0,000;0,000
04/12/2019 08:45:04 am;0,400;1,105;-0,50;-3,5;0,000;0,000;0,000;0,0000;0,000;0,000
04/12/2019 08:45:04 am;0,450;1,076;-0,67;-3,0;0,000;0,000;0,000;0,0000;0,000;0,000
04/12/2019 08:45:04 am;0,500;1,039;-0,80;-2,5;0,000;0,000;0,000;0,0000;0,000;0,000
04/12/2019 08:45:04 am;0,550;0,996;-0,92;-2,0;0,000;0,000;0,000;0,0000;0,000;0,000
04/12/2019 08:45:04 am;0,600;0,947;-1,00;-1,1;0,000;0,000;0,000;0,0000;0,000;0,000
04/12/2019 08:45:04 am;0,650;0,896;-1,03;-0,3;0,000;0,000;1,745;0,0000;0,000;0,042
04/12/2019 08:45:04 am;0,700;0,844;-1,03;0,5;0,000;0,175;1,745;0,0000;0,004;0,042
04/12/2019 08:45:04 am;0,750;0,793;-0,98;1,2;0,017;0,175;-1,745;4,1667E-4;0,004;-0,042
04/12/2019 08:45:04 am;0,800;0,746;-0,91;1,8;0,017;0,000;-1,745;4,1667E-4;0,000;-0,042
04/12/2019 08:45:04 am;0,850;0,702;-0,81;2,4;0,017;0,000;0,000;4,1667E-4;0,000;0,000
04/12/2019 08:45:04 am;0,900;0,665;-0,67;3,0;0,017;0,000;0,000;4,1667E-4;0,000;0,000
04/12/2019 08:45:04 am;0,950;0,635;-0,51;3,3;0,017;0,000;0,000;4,1667E-4;0,000;0,000
04/12/2019 08:45:05 am;1,000;0,614;-0,34;3,6;0,017;0,000;0,000;4,1667E-4;0,000;0,000
04/12/2019 08:45:05 am;1,050;0,602;-0,15;3,8;0,017;0,000;0,000;4,1667E-4;0,000;0,000
04/12/2019 08:45:05 am;1,100;0,599;0,05;3,7;0,017;0,000;0,000;4,1667E-4;0,000;0,000
04/12/2019 08:45:05 am;1,150;0,607;0,23;3,4;0,017;0,000;0,000;4,1667E-4;0,000;0,000
04/12/2019 08:45:05 am;1,200;0,622;0,39;3,2;0,017;0,000;0,000;4,1667E-4;0,000;0,000
04/12/2019 08:45:05 am;1,250;0,646;0,55;3,0;0,017;0,000;0,000;4,1667E-4;0,000;0,000
04/12/2019 08:45:05 am;1,300;0,677;0,69;2,7;0,017;0,000;0,000;4,1667E-4;0,000;0,000
04/12/2019 08:45:05 am;1,350;0,715;0,82;2,0;0,017;0,000;0,000;4,1667E-4;0,000;0,000
04/12/2019 08:45:05 am;1,400;0,758;0,89;1,2;0,017;0,000;-1,745;4,1667E-4;0,000;-0,042
04/12/2019 08:45:05 am;1,450;0,804;0,93;0,5;0,017;-0,175;-1,745;4,1667E-4;-0,004;-0,042
04/12/2019 08:45:05 am;1,500;0,851;0,94;-0,1;0,000;-0,175;1,745;0,0000;-0,004;0,042
04/12/2019 08:45:05 am;1,550;0,898;0,92;-0,7;0,000;0,000;1,745;0,0000;0,000;0,042
04/12/2019 08:45:05 am;1,600;0,944;0,87;-1,4;0,000;0,000;0,000;0,0000;0,000;0,000
04/12/2019 08:45:05 am;1,650;0,985;0,78;-2,0;0,000;0,000;0,000;0,0000;0,000;0,000
04/12/2019 08:45:05 am;1,700;1,021;0,67;0,9;0,000;0,000;0,000;0,0000;0,000;0,000
04/12/2019 08:45:05 am;1,750;1,052;0,86;-56,7;0,000;0,000;0,000;0,0000;0,000;0,000
04/12/2019 08:45:05 am;1,800;1,108;-5,01;-10,7;0,000;0,000;0,000;0,0000;0,000;0,000
04/12/2019 08:45:05 am;1,850;0,551;-0,21;104,2;0,000;0,000;0,000;0,0000;0,000;0,000
04/12/2019 08:45:05 am;1,900;1,087;5,41;1,5;0,000;0,000;0,000;0,0000;0,000;0,000
04/12/2019 08:45:05 am;1,950;1,092;-0,06;-57,1;0,000;0,000;0,000;0,0000;0,000;0,000
04/12/2019 08:45:06 am;2,000;1,081;-0,30;-3,9;0,000;0,000;0,000;0,0000;0,000;0,000
04/12/2019 08:45:06 am;2,050;1,063;-0,45;-2,9;0,000;0,000;0,000;0,0000;0,000;0,000
04/12/2019 08:45:06 am;2,100;1,036;-0,59;-2,6;0,000;0,000;0,000;0,0000;0,000;0,000
04/12/2019 08:45:06 am;2,150;1,004;-0,71;-2,0;0,000;0,000;0,000;0,0000;0,000;0,000
04/12/2019 08:45:06 am;2,200;0,966;-0,79;-1,4;0,000;0,000;0,000;0,0000;0,000;0,000
04/12/2019 08:45:06 am;2,250;0,925;-0,84;-0,8;0,000;0,000;0,000;0,0000;0,000;0,000
04/12/2019 08:45:06 am;2,300;0,882;-0,87;-0,3;0,000;0,000;1,745;0,0000;0,000;0,042
04/12/2019 08:45:06 am;2,350;0,838;-0,87;0,4;0,000;0,175;1,745;0,0000;0,004;0,042
04/12/2019 08:45:06 am;2,400;0,795;-0,83;1,1;0,017;0,175;-1,745;4,1667E-4;0,004;-0,042
04/12/2019 08:45:06 am;2,450;0,754;-0,76;1,7;0,017;0,000;-1,745;4,1667E-4;0,000;-0,042
04/12/2019 08:45:06 am;2,500;0,718;-0,67;2,2;0,017;0,000;0,000;4,1667E-4;0,000;0,000
04/12/2019 08:45:06 am;2,550;0,688;-0,55;2,6;0,017;0,000;0,000;4,1667E-4;0,000;0,000
04/12/2019 08:45:06 am;2,600;0,664;-0,40;3,0;0,017;0,000;0,000;4,1667E-4;0,000;0,000
04/12/2019 08:45:06 am;2,650;0,647;-0,25;3,1;0,017;0,000;0,000;4,1667E-4;0,000;0,000
04/12/2019 08:45:06 am;2,700;0,639;-0,09;3,1;0,017;0,000;0,000;4,1667E-4;0,000;0,000
04/12/2019 08:45:06 am;2,750;0,638;0,06;3,1;0,017;0,000;0,000;4,1667E-4;0,000;0,000
04/12/2019 08:45:06 am;2,800;0,645;0,21;3,1;0,017;0,000;0,000;4,1667E-4;0,000;0,000
04/12/2019 08:45:06 am;2,850;0,659;0,37;2,9;0,017;0,000;0,000;4,1667E-4;0,000;0,000
04/12/2019 08:45:06 am;2,900;0,682;0,51;2,5;0,017;0,000;0,000;4,1667E-4;0,000;0,000
04/12/2019 08:45:06 am;2,950;0,710;0,62;2,0;0,017;0,000;0,000;4,1667E-4;0,000;0,000
04/12/2019 08:45:07 am;3,000;0,744;0,71;1,5;0,017;0,000;0,000;4,1667E-4;0,000;0,000
04/12/2019 08:45:07 am;3,050;0,781;0,77;1,0;0,017;0,000;-1,745;4,1667E-4;0,000;-0,042
04/12/2019 08:45:07 am;3,100;0,821;0,80;0,4;0,017;-0,175;-1,745;4,1667E-4;-0,004;-0,042
04/12/2019 08:45:07 am;3,150;0,861;0,80;-0,3;0,000;-0,175;1,745;0,0000;-0,004;0,042
04/12/2019 08:45:07 am;3,200;0,901;0,78;-0,8;0,000;0,000;1,745;0,0000;0,000;0,042
04/12/2019 08:45:07 am;3,250;0,939;0,72;-1,3;0,000;0,000;0,000;0,0000;0,000;0,000
04/12/2019 08:45:07 am;3,300;0,973;0,65;-1,8;0,000;0,000;0,000;0,0000;0,000;0,000
04/12/2019 08:45:07 am;3,350;1,004;0,55;-2,3;0,000;0,000;0,000;0,0000;0,000;0,000
04/12/2019 08:45:07 am;3,400;1,028;0,42;-2,6;0,000;0,000;0,000;0,0000;0,000;0,000
04/12/2019 08:45:07 am;3,450;1,045;0,29;-2,7;0,000;0,000;0,000;0,0000;0,000;0,000
04/12/2019 08:45:07 am;3,500;1,056;0,14;-2,8;0,000;0,000;0,000;0,0000;0,000;0,000
04/12/2019 08:45:07 am;3,550;1,060;0,00;-2,9;0,000;0,000;0,000;0,0000;0,000;0,000
04/12/2019 08:45:07 am;3,600;1,057;-0,14;-2,9;0,000;0,000;0,000;0,0000;0,000;0,000
04/12/2019 08:45:07 am;3,650;1,046;-0,28;-2,7;0,000;0,000;0,000;0,0000;0,000;0,000
04/12/2019 08:45:07 am;3,700;1,028;-0,41;-2,4;0,000;0,000;0,000;0,0000;0,000;0,000
04/12/2019 08:45:07 am;3,750;1,005;-0,52;-2,0;0,000;0,000;0,000;0,0000;0,000;0,000
04/12/2019 08:45:07 am;3,800;0,976;-0,61;-1,7;0,000;0,000;0,000;0,0000;0,000;0,000
04/12/2019 08:45:07 am;3,850;0,943;-0,69;-1,2;0,000;0,000;0,000;0,0000;0,000;0,000
04/12/2019 08:45:07 am;3,900;0,907;-0,73;-0,6;0,000;0,000;1,745;0,0000;0,000;0,042
04/12/2019 08:45:07 am;3,950;0,870;-0,75;-0,1;0,000;0,175;1,745;0,0000;0,004;0,042
04/12/2019 08:45:08 am;4,000;0,832;-0,74;0,5;0,017;0,175;-1,745;4,1667E-4;0,004;-0,042
04/12/2019 08:45:08 am;4,050;0,796;-0,70;0,9;0,017;0,000;-1,745;4,1667E-4;0,000;-0,042
04/12/2019 08:45:08 am;4,100;0,762;-0,64;1,4;0,017;0,000;0,000;4,1667E-4;0,000;0,000
04/12/2019 08:45:08 am;4,150;0,732;-0,56;2,0;0,017;0,000;0,000;4,1667E-4;0,000;0,000
04/12/2019 08:45:08 am;4,200;0,706;-0,45;2,4;0,017;0,000;0,000;4,1667E-4;0,000;0,000
04/12/2019 08:45:08 am;4,250;0,687;-0,32;2,5;0,017;0,000;0,000;4,1667E-4;0,000;0,000
04/12/2019 08:45:08 am;4,300;0,674;-0,19;2,7;0,017;0,000;0,000;4,1667E-4;0,000;0,000
04/12/2019 08:45:08 am;4,350;0,668;-0,05;2,8;0,017;0,000;0,000;4,1667E-4;0,000;0,000
04/12/2019 08:45:08 am;4,400;0,669;0,09;2,7;0,017;0,000;0,000;4,1667E-4;0,000;0,000
04/12/2019 08:45:08 am;4,450;0,677;0,22;2,5;0,017;0,000;0,000;4,1667E-4;0,000;0,000
04/12/2019 08:45:08 am;4,500;0,691;0,34;2,3;0,017;0,000;0,000;4,1667E-4;0,000;0,000
04/12/2019 08:45:08 am;4,550;0,711;0,45;2,1;0,017;0,000;0,000;4,1667E-4;0,000;0,000
04/12/2019 08:45:08 am;4,600;0,737;0,55;1,7;0,017;0,000;0,000;4,1667E-4;0,000;0,000
04/12/2019 08:45:08 am;4,650;0,766;0,62;1,3;0,017;0,000;-1,745;4,1667E-4;0,000;-0,042
04/12/2019 08:45:08 am;4,700;0,799;0,68;0,7;0,017;-0,175;-1,745;4,1667E-4;-0,004;-0,042
04/12/2019 08:45:08 am;4,750;0,834;0,70;0,1;0,000;-0,175;1,745;0,0000;-0,004;0,042
04/12/2019 08:45:08 am;4,800;0,869;0,69;-0,3;0,000;0,000;1,745;0,0000;0,000;0,042
04/12/2019 08:45:08 am;4,850;0,903;0,67;-0,7;0,000;0,000;0,000;0,0000;0,000;0,000
04/12/2019 08:45:08 am;4,900;0,935;0,62;-1,3;0,000;0,000;0,000;0,0000;0,000;0,000
04/12/2019 08:45:08 am;4,950;0,964;0,54;-1,7;0,000;0,000;0,000;0,0000;0,000;0,000
04/12/2019 08:45:09 am;5,000;0,989;0,44;-2,0;0,000;0,000;0,000;0,0000;0,000;0,000
04/12/2019 08:45:09 am;5,050;1,009;0,34;-2,2;0,000;0,000;0,000;0,0000;0,000;0,000
04/12/2019 08:45:09 am;5,100;1,023;0,22;0,7;0,000;0,000;0,000;0,0000;0,000;0,000
04/12/2019 08:45:09 am;5,150;1,031;0,40;-58,1;0,000;0,000;0,000;0,0000;0,000;0,000
04/12/2019 08:45:09 am;5,200;1,063;-5,59;-8,7;0,000;0,000;0,000;0,0000;0,000;0,000
04/12/2019 08:45:09 am;5,250;0,472;-0,47;108,7;0,000;0,000;0,000;0,0000;0,000;0,000
04/12/2019 08:45:09 am;5,300;1,016;5,28;0,9;0,000;0,000;0,000;0,0000;0,000;0,000
04/12/2019 08:45:09 am;5,350;1,000;-0,38;-57,5;0,000;0,000;0,000;0,0000;0,000;0,000
04/12/2019 08:45:09 am;5,400;0,978;-0,48;-1,7;0,000;0,000;0,000;0,0000;0,000;0,000
04/12/2019 08:45:09 am;5,450;0,952;-0,55;-1,3;0,000;0,000;0,000;0,0000;0,000;0,000
04/12/2019 08:45:09 am;5,500;0,923;-0,61;-0,8;0,000;0,000;0,000;0,0000;0,000;0,000
04/12/2019 08:45:09 am;5,550;0,892;-0,63;-0,3;0,000;0,000;1,745;0,0000;0,000;0,042
04/12/2019 08:45:09 am;5,600;0,860;-0,64;0,0;0,000;0,175;1,745;0,0000;0,004;0,042
04/12/2019 08:45:09 am;5,650;0,828;-0,63;0,4;0,017;0,175;-1,745;4,1667E-4;0,004;-0,042
04/12/2019 08:45:09 am;5,700;0,797;-0,59;1,0;0,017;0,000;-1,745;4,1667E-4;0,000;-0,042
04/12/2019 08:45:09 am;5,750;0,768;-0,53;1,4;0,017;0,000;0,000;4,1667E-4;0,000;0,000
04/12/2019 08:45:09 am;5,800;0,744;-0,45;1,7;0,017;0,000;0,000;4,1667E-4;0,000;0,000
04/12/2019 08:45:09 am;5,850;0,723;-0,36;2,0;0,017;0,000;0,000;4,1667E-4;0,000;0,000
04/12/2019 08:45:09 am;5,900;0,708;-0,25;2,3;0,017;0,000;0,000;4,1667E-4;0,000;0,000
04/12/2019 08:45:09 am;5,950;0,698;-0,13;2,4;0,017;0,000;0,000;4,1667E-4;0,000;0,000
04/12/2019 08:45:10 am;6,000;0,695;-0,01;2,4;0,017;0,000;0,000;4,1667E-4;0,000;0,000
04/12/2019 08:45:10 am;6,050;0,697;0,11;2,3;0,017;0,000;0,000;4,1667E-4;0,000;0,000
04/12/2019 08:45:10 am;6,100;0,705;0,21;2,1;0,017;0,000;0,000;4,1667E-4;0,000;0,000
04/12/2019 08:45:10 am;6,150;0,719;0,32;2,0;0,017;0,000;0,000;4,1667E-4;0,000;0,000
04/12/2019 08:45:10 am;6,200;0,737;0,41;1,8;0,017;0,000;0,000;4,1667E-4;0,000;0,000
04/12/2019 08:45:10 am;6,250;0,760;0,50;1,4;0,017;0,000;0,000;4,1667E-4;0,000;0,000
04/12/2019 08:45:10 am;6,300;0,787;0,55;0,9;0,017;0,000;-1,745;4,1667E-4;0,000;-0,042
04/12/2019 08:45:10 am;6,350;0,815;0,59;0,5;0,017;-0,175;-1,745;4,1667E-4;-0,004;-0,042
04/12/2019 08:45:10 am;6,400;0,845;0,60;0,1;0,000;-0,175;1,745;0,0000;-0,004;0,042
04/12/2019 08:45:10 am;6,450;0,876;0,60;-0,3;0,000;0,000;1,745;0,0000;0,000;0,042
04/12/2019 08:45:10 am;6,500;0,906;0,57;-0,9;0,000;0,000;0,000;0,0000;0,000;0,000
04/12/2019 08:45:10 am;6,550;0,933;0,52;-1,3;0,000;0,000;0,000;0,0000;0,000;0,000
04/12/2019 08:45:10 am;6,600;0,957;0,45;-1,5;0,000;0,000;0,000;0,0000;0,000;0,000
04/12/2019 08:45:10 am;6,650;0,977;0,36;-1,8;0,000;0,000;0,000;0,0000;0,000;0,000
04/12/2019 08:45:10 am;6,700;0,993;0,27;-2,0;0,000;0,000;0,000;0,0000;0,000;0,000
04/12/2019 08:45:10 am;6,750;1,004;0,16;-2,2;0,000;0,000;0,000;0,0000;0,000;0,000
04/12/2019 08:45:10 am;6,800;1,009;0,05;-2,2;0,000;0,000;0,000;0,0000;0,000;0,000
04/12/2019 08:45:10 am;6,850;1,009;-0,06;-2,1;0,000;0,000;0,000;0,0000;0,000;0,000
04/12/2019 08:45:10 am;6,900;1,003;-0,17;-2,0;0,000;0,000;0,000;0,0000;0,000;0,000
04/12/2019 08:45:10 am;6,950;0,992;-0,27;-1,9;0,000;0,000;0,000;0,0000;0,000;0,000
04/12/2019 08:45:11 am;7,000;0,976;-0,36;-1,7;0,000;0,000;0,000;0,0000;0,000;0,000
04/12/2019 08:45:11 am;7,050;0,956;-0,44;-1,4;0,000;0,000;0,000;0,0000;0,000;0,000
04/12/2019 08:45:11 am;7,100;0,932;-0,50;-1,0;0,000;0,000;0,000;0,0000;0,000;0,000
04/12/2019 08:45:11 am;7,150;0,906;-0,53;-0,5;0,000;0,000;0,000;0,0000;0,000;0,000
04/12/2019 08:45:11 am;7,200;0,879;-0,55;-0,2;0,000;0,000;1,745;0,0000;0,000;0,042
04/12/2019 08:45:11 am;7,250;0,851;-0,56;0,2;0,000;0,175;1,745;0,0000;0,004;0,042
04/12/2019 08:45:11 am;7,300;0,823;-0,54;0,6;0,017;0,175;-1,745;4,1667E-4;0,004;-0,042
04/12/2019 08:45:11 am;7,350;0,797;-0,50;0,9;0,017;0,000;-1,745;4,1667E-4;0,000;-0,042
04/12/2019 08:45:11 am;7,400;0,773;-0,44;1,2;0,017;0,000;0,000;4,1667E-4;0,000;0,000
04/12/2019 08:45:11 am;7,450;0,753;-0,37;1,6;0,017;0,000;0,000;4,1667E-4;0,000;0,000
04/12/2019 08:45:11 am;7,500;0,736;-0,28;1,9;0,017;0,000;0,000;4,1667E-4;0,000;0,000
04/12/2019 08:45:11 am;7,550;0,724;-0,19;2,1;0,017;0,000;0,000;4,1667E-4;0,000;0,000
04/12/2019 08:45:11 am;7,600;0,718;-0,08;2,1;0,017;0,000;0,000;4,1667E-4;0,000;0,000
04/12/2019 08:45:11 am;7,650;0,716;0,02;2,0;0,017;0,000;0,000;4,1667E-4;0,000;0,000
04/12/2019 08:45:11 am;7,700;0,720;0,12;1,9;0,017;0,000;0,000;4,1667E-4;0,000;0,000
04/12/2019 08:45:11 am;7,750;0,729;0,22;1,9;0,017;0,000;0,000;4,1667E-4;0,000;0,000
04/12/2019 08:45:11 am;7,800;0,742;0,31;1,7;0,017;0,000;0,000;4,1667E-4;0,000;0,000
04/12/2019 08:45:11 am;7,850;0,759;0,39;1,4;0,017;0,000;0,000;4,1667E-4;0,000;0,000
04/12/2019 08:45:11 am;7,900;0,780;0,44;1,0;0,017;0,000;-1,745;4,1667E-4;0,000;-0,042
04/12/2019 08:45:11 am;7,950;0,804;0,49;0,7;0,017;-0,175;-1,745;4,1667E-4;-0,004;-0,042
04/12/2019 08:45:12 am;8,000;0,829;0,51;0,4;0,000;-0,175;1,745;0,0000;-0,004;0,042
04/12/2019 08:45:12 am;8,050;0,855;0,52;0,1;0,000;0,000;1,745;0,0000;0,000;0,042
04/12/2019 08:45:12 am;8,100;0,881;0,52;-0,4;0,000;0,000;0,000;0,0000;0,000;0,000
04/12/2019 08:45:12 am;8,150;0,906;0,49;-0,8;0,000;0,000;0,000;0,0000;0,000;0,000
04/12/2019 08:45:12 am;8,200;0,930;0,44;-1,2;0,000;0,000;0,000;0,0000;0,000;0,000
04/12/2019 08:45:12 am;8,250;0,950;0,37;-1,4;0,000;0,000;0,000;0,0000;0,000;0,000
04/12/2019 08:45:12 am;8,300;0,967;0,29;-1,6;0,000;0,000;0,000;0,0000;0,000;0,000
04/12/2019 08:45:12 am;8,350;0,979;0,20;-1,9;0,000;0,000;0,000;0,0000;0,000;0,000
04/12/2019 08:45:12 am;8,400;0,987;0,11;-1,9;0,000;0,000;0,000;0,0000;0,000;0,000
04/12/2019 08:45:12 am;8,450;0,990;0,01;-1,9;0,000;0,000;0,000;0,0000;0,000;0,000
04/12/2019 08:45:12 am;8,500;0,988;-0,08;-1,9;0,000;0,000;0,000;0,0000;0,000;0,000
04/12/2019 08:45:12 am;8,550;0,982;-0,17;-1,9;0,000;0,000;0,000;0,0000;0,000;0,000
04/12/2019 08:45:12 am;8,600;0,971;-0,27;-1,7;0,000;0,000;0,000;0,0000;0,000;0,000
04/12/2019 08:45:12 am;8,650;0,956;-0,34;-1,4;0,000;0,000;0,000;0,0000;0,000;0,000
04/12/2019 08:45:12 am;8,700;0,937;-0,41;-1,1;0,000;0,000;0,000;0,0000;0,000;0,000
04/12/2019 08:45:12 am;8,750;0,915;-0,45;-0,7;0,000;0,000;0,000;0,0000;0,000;0,000
04/12/2019 08:45:12 am;8,800;0,892;-0,47;-0,4;0,000;0,000;0,000;0,0000;0,000;0,000
04/12/2019 08:45:12 am;8,850;0,867;-0,49;-0,1;0,000;0,000;1,745;0,0000;0,000;0,042
04/12/2019 08:45:12 am;8,900;0,843;-0,48;0,3;0,000;0,175;1,745;0,0000;0,004;0,042
04/12/2019 08:45:12 am;8,950;0,819;-0,46;0,6;0,017;0,175;-1,745;4,1667E-4;0,004;-0,042
04/12/2019 08:45:13 am;9,000;0,797;-0,42;0,9;0,017;0,000;-1,745;4,1667E-4;0,000;-0,042
04/12/2019 08:45:13 am;9,050;0,777;-0,37;1,2;0,017;0,000;0,000;4,1667E-4;0,000;0,000
04/12/2019 08:45:13 am;9,100;0,760;-0,30;1,5;0,017;0,000;0,000;4,1667E-4;0,000;0,000
04/12/2019 08:45:13 am;9,150;0,747;-0,22;1,8;0,017;0,000;0,000;4,1667E-4;0,000;0,000
04/12/2019 08:45:13 am;9,200;0,738;-0,13;1,8;0,017;0,000;0,000;4,1667E-4;0,000;0,000
04/12/2019 08:45:13 am;9,250;0,734;-0,04;1,7;0,017;0,000;0,000;4,1667E-4;0,000;0,000
04/12/2019 08:45:13 am;9,300;0,734;0,05;1,7;0,017;0,000;0,000;4,1667E-4;0,000;0,000
04/12/2019 08:45:13 am;9,350;0,739;0,14;1,7;0,017;0,000;0,000;4,1667E-4;0,000;0,000
04/12/2019 08:45:13 am;9,400;0,748;0,22;1,6;0,017;0,000;0,000;4,1667E-4;0,000;0,000
04/12/2019 08:45:13 am;9,450;0,761;0,30;1,5;0,017;0,000;0,000;4,1667E-4;0,000;0,000
04/12/2019 08:45:13 am;9,500;0,778;0,36;1,1;0,017;0,000;0,000;4,1667E-4;0,000;0,000
04/12/2019 08:45:13 am;9,550;0,797;0,41;0,8;0,017;0,000;-1,745;4,1667E-4;0,000;-0,042
04/12/2019 08:45:13 am;9,600;0,818;0,44;0,5;0,017;-0,175;-1,745;4,1667E-4;-0,004;-0,042
04/12/2019 08:45:13 am;9,650;0,841;0,46;0,2;0,000;-0,175;1,745;0,0000;-0,004;0,042
04/12/2019 08:45:13 am;9,700;0,865;0,46;-0,2;0,000;0,000;1,745;0,0000;0,000;0,042
04/12/2019 08:45:13 am;9,750;0,887;0,44;-0,5;0,000;0,000;0,000;0,0000;0,000;0,000
04/12/2019 08:45:13 am;9,800;0,909;0,42;-0,8;0,000;0,000;0,000;0,0000;0,000;0,000
04/12/2019 08:45:13 am;9,850;0,929;0,36;-1,1;0,000;0,000;0,000;0,0000;0,000;0,000
04/12/2019 08:45:13 am;9,900;0,945;0,30;-1,4;0,000;0,000;0,000;0,0000;0,000;0,000
04/12/2019 08:45:13 am;9,950;0,959;0,23;-1,6;0,000;0,000;0,000;0,0000;0,000;0,000
04/12/2019 08:45:14 am;10,000;0,968;0,14;-1,7;0,000;0,000;0,000;0,0000;0,000;0,000
04/12/2019 08:45:14 am;10,050;0,973;0,05;-1,7;0,000;0,000;0,000;0,0000;0,000;0,000
04/12/2019 08:45:14 am;10,100;0,974;-0,03;-1,6;0,000;0,000;0,000;0,0000;0,000;0,000
04/12/2019 08:45:14 am;10,150;0,970;-0,10;-1,6;0,000;0,000;0,000;0,0000;0,000;0,000
04/12/2019 08:45:14 am;10,200;0,963;-0,18;-1,6;0,000;0,000;0,000;0,0000;0,000;0,000
04/12/2019 08:45:14 am;10,250;0,952;-0,27;-1,4;0,000;0,000;0,000;0,0000;0,000;0,000
04/12/2019 08:45:14 am;10,300;0,937;-0,33;-1,1;0,000;0,000;0,000;0,0000;0,000;0,000
04/12/2019 08:45:14 am;10,350;0,919;-0,38;-0,8;0,000;0,000;0,000;0,0000;0,000;0,000
04/12/2019 08:45:14 am;10,400;0,899;-0,41;-0,5;0,000;0,000;0,000;0,0000;0,000;0,000
04/12/2019 08:45:14 am;10,450;0,878;-0,43;-0,2;0,000;0,000;1,745;0,0000;0,000;0,042
04/12/2019 08:45:14 am;10,500;0,856;-0,43;0,1;0,000;0,175;1,745;0,0000;0,004;0,042
04/12/2019 08:45:14 am;10,550;0,834;-0,42;0,4;0,017;0,175;-1,745;4,1667E-4;0,004;-0,042
04/12/2019 08:45:14 am;10,600;0,814;-0,39;0,7;0,017;0,000;-1,745;4,1667E-4;0,000;-0,042
04/12/2019 08:45:14 am;10,650;0,796;-0,35;0,8;0,017;0,000;0,000;4,1667E-4;0,000;0,000
04/12/2019 08:45:14 am;10,700;0,779;-0,30;1,2;0,017;0,000;0,000;4,1667E-4;0,000;0,000
04/12/2019 08:45:14 am;10,750;0,765;-0,24;1,5;0,017;0,000;0,000;4,1667E-4;0,000;0,000
04/12/2019 08:45:14 am;10,800;0,755;-0,15;1,6;0,017;0,000;0,000;4,1667E-4;0,000;0,000
04/12/2019 08:45:14 am;10,850;0,750;-0,08;1,5;0,017;0,000;0,000;4,1667E-4;0,000;0,000
04/12/2019 08:45:14 am;10,900;0,748;-8,43E-6;1,6;0,017;0,000;0,000;4,1667E-4;0,000;0,000
04/12/2019 08:45:14 am;10,950;0,750;0,08;1,5;0,017;0,000;0,000;4,1667E-4;0,000;0,000
04/12/2019 08:45:15 am;11,000;0,756;0,15;1,5;0,017;0,000;0,000;4,1667E-4;0,000;0,000
04/12/2019 08:45:15 am;11,050;0,765;0,23;1,4;0,017;0,000;0,000;4,1667E-4;0,000;0,000
04/12/2019 08:45:15 am;11,100;0,779;0,29;1,1;0,017;0,000;0,000;4,1667E-4;0,000;0,000
04/12/2019 08:45:15 am;11,150;0,794;0,34;0,8;0,017;0,000;-1,745;4,1667E-4;0,000;-0,042
04/12/2019 08:45:15 am;11,200;0,812;0,38;0,6;0,017;-0,175;-1,745;4,1667E-4;-0,004;-0,042
04/12/2019 08:45:15 am;11,250;0,832;0,40;0,4;0,000;-0,175;1,745;0,0000;-0,004;0,042
04/12/2019 08:45:15 am;11,300;0,852;0,41;0,1;0,000;0,000;1,745;0,0000;0,000;0,042
04/12/2019 08:45:15 am;11,350;0,873;0,41;-0,3;0,000;0,000;0,000;0,0000;0,000;0,000
04/12/2019 08:45:15 am;11,400;0,893;0,38;-0,6;0,000;0,000;0,000;0,0000;0,000;0,000
04/12/2019 08:45:15 am;11,450;0,911;0,34;-0,8;0,000;0,000;0,000;0,0000;0,000;0,000
04/12/2019 08:45:15 am;11,500;0,928;0,30;-1,0;0,000;0,000;0,000;0,0000;0,000;0,000
04/12/2019 08:45:15 am;11,550;0,942;0,24;-1,4;0,000;0,000;0,000;0,0000;0,000;0,000
04/12/2019 08:45:15 am;11,600;0,951;0,17;-1,5;0,000;0,000;0,000;0,0000;0,000;0,000
04/12/2019 08:45:15 am;11,650;0,958;0,09;-1,5;0,000;0,000;0,000;0,0000;0,000;0,000
04/12/2019 08:45:15 am;11,700;0,961;0,02;-1,5;0,000;0,000;0,000;0,0000;0,000;0,000
04/12/2019 08:45:15 am;11,750;0,960;-0,05;-1,4;0,000;0,000;0,000;0,0000;0,000;0,000
04/12/2019 08:45:15 am;11,800;0,956;-0,13;-1,5;0,000;0,000;0,000;0,0000;0,000;0,000
04/12/2019 08:45:15 am;11,850;0,947;-0,20;-1,4;0,000;0,000;0,000;0,0000;0,000;0,000
04/12/2019 08:45:15 am;11,900;0,936;-0,26;-1,2;0,000;0,000;0,000;0,0000;0,000;0,000
04/12/2019 08:45:15 am;11,950;0,921;-0,32;-0,9;0,000;0,000;0,000;0,0000;0,000;0,000
04/12/2019 08:45:16 am;12,000;0,904;-0,36;-0,5;0,000;0,000;0,000;0,0000;0,000;0,000
04/12/2019 08:45:16 am;12,050;0,885;-0,37;-0,3;0,000;0,000;0,000;0,0000;0,000;0,000
04/12/2019 08:45:16 am;12,100;0,866;-0,38;-0,1;0,000;0,000;1,745;0,0000;0,000;0,042
04/12/2019 08:45:16 am;12,150;0,847;-0,38;0,2;0,000;0,175;1,745;0,0000;0,004;0,042
04/12/2019 08:45:16 am;12,200;0,828;-0,36;0,4;0,017;0,175;-1,745;4,1667E-4;0,004;-0,042
04/12/2019 08:45:16 am;12,250;0,811;-0,34;0,6;0,017;0,000;-1,745;4,1667E-4;0,000;-0,042
04/12/2019 08:45:16 am;12,300;0,794;-0,30;0,9;0,017;0,000;0,000;4,1667E-4;0,000;0,000
04/12/2019 08:45:16 am;12,350;0,780;-0,25;1,3;0,017;0,000;0,000;4,1667E-4;0,000;0,000
04/12/2019 08:45:16 am;12,400;0,770;-0,18;1,5;0,017;0,000;0,000;4,1667E-4;0,000;0,000
04/12/2019 08:45:16 am;12,450;0,763;-0,10;1,5;0,017;0,000;0,000;4,1667E-4;0,000;0,000
04/12/2019 08:45:16 am;12,500;0,760;-0,03;1,3;0,017;0,000;0,000;4,1667E-4;0,000;0,000
04/12/2019 08:45:16 am;12,550;0,759;0,03;1,3;0,017;0,000;0,000;4,1667E-4;0,000;0,000
04/12/2019 08:45:16 am;12,600;0,763;0,10;1,3;0,017;0,000;0,000;4,1667E-4;0,000;0,000
04/12/2019 08:45:16 am;12,650;0,770;0,17;1,3;0,017;0,000;0,000;4,1667E-4;0,000;0,000
04/12/2019 08:45:16 am;12,700;0,780;0,23;1,2;0,017;0,000;0,000;4,1667E-4;0,000;0,000
04/12/2019 08:45:16 am;12,750;0,793;0,29;0,9;0,017;0,000;0,000;4,1667E-4;0,000;0,000
04/12/2019 08:45:16 am;12,800;0,808;0,32;0,6;0,017;0,000;-1,745;4,1667E-4;0,000;-0,042
04/12/2019 08:45:16 am;12,850;0,825;0,35;0,5;0,017;-0,175;-1,745;4,1667E-4;-0,004;-0,042
04/12/2019 08:45:16 am;12,900;0,843;0,37;0,2;0,000;-0,175;1,745;0,0000;-0,004;0,042
04/12/2019 08:45:16 am;12,950;0,862;0,37;-0,2;0,000;0,000;1,745;0,0000;0,000;0,042
04/12/2019 08:45:17 am;13,000;0,880;0,35;-0,4;0,000;0,000;0,000;0,0000;0,000;0,000
04/12/2019 08:45:17 am;13,050;0,897;0,33;-0,6;0,000;0,000;0,000;0,0000;0,000;0,000
04/12/2019 08:45:17 am;13,100;0,913;0,29;-0,8;0,000;0,000;0,000;0,0000;0,000;0,000
04/12/2019 08:45:17 am;13,150;0,926;0,25;-1,0;0,000;0,000;0,000;0,0000;0,000;0,000
04/12/2019 08:45:17 am;13,200;0,938;0,19;-1,2;0,000;0,000;0,000;0,0000;0,000;0,000
04/12/2019 08:45:17 am;13,250;0,945;0,12;-1,4;0,000;0,000;0,000;0,0000;0,000;0,000
04/12/2019 08:45:17 am;13,300;0,950;0,05;-1,3;0,000;0,000;0,000;0,0000;0,000;0,000
04/12/2019 08:45:17 am;13,350;0,951;-0,01;-1,3;0,000;0,000;0,000;0,0000;0,000;0,000
04/12/2019 08:45:17 am;13,400;0,948;-0,08;-1,3;0,000;0,000;0,000;0,0000;0,000;0,000
04/12/2019 08:45:17 am;13,450;0,943;-0,14;-1,3;0,000;0,000;0,000;0,0000;0,000;0,000
04/12/2019 08:45:17 am;13,500;0,934;-0,20;-1,2;0,000;0,000;0,000;0,0000;0,000;0,000
04/12/2019 08:45:17 am;13,550;0,923;-0,26;-1,0;0,000;0,000;0,000;0,0000;0,000;0,000
04/12/2019 08:45:17 am;13,600;0,909;-0,30;-0,7;0,000;0,000;0,000;0,0000;0,000;0,000
04/12/2019 08:45:17 am;13,650;0,893;-0,33;-0,5;0,000;0,000;0,000;0,0000;0,000;0,000
04/12/2019 08:45:17 am;13,700;0,876;-0,35;-0,2;0,000;0,000;0,000;0,0000;0,000;0,000
04/12/2019 08:45:17 am;13,750;0,858;-0,35;0,0;0,000;0,000;1,745;0,0000;0,000;0,042
04/12/2019 08:45:17 am;13,800;0,841;-0,34;0,2;0,000;0,175;1,745;0,0000;0,004;0,042
04/12/2019 08:45:17 am;13,850;0,824;-0,32;0,5;0,017;0,175;-1,745;4,1667E-4;0,004;-0,042
04/12/2019 08:45:17 am;13,900;0,809;-0,29;0,7;0,017;0,000;-1,745;4,1667E-4;0,000;-0,042
04/12/2019 08:45:17 am;13,950;0,795;-0,26;0,9;0,017;0,000;0,000;4,1667E-4;0,000;0,000
04/12/2019 08:45:18 am;14,000;0,783;-0,20;1,2;0,017;0,000;0,000;4,1667E-4;0,000;0,000
04/12/2019 08:45:18 am;14,050;0,775;-0,14;1,3;0,017;0,000;0,000;4,1667E-4;0,000;0,000
04/12/2019 08:45:18 am;14,100;0,769;-0,07;1,3;0,017;0,000;0,000;4,1667E-4;0,000;0,000
04/12/2019 08:45:18 am;14,150;0,768;0,00;1,2;0,017;0,000;0,000;4,1667E-4;0,000;0,000
04/12/2019 08:45:18 am;14,200;0,769;0,05;1,2;0,017;0,000;0,000;4,1667E-4;0,000;0,000
04/12/2019 08:45:18 am;14,250;0,773;0,12;1,3;0,017;0,000;0,000;4,1667E-4;0,000;0,000
04/12/2019 08:45:18 am;14,300;0,781;0,18;1,2;0,017;0,000;0,000;4,1667E-4;0,000;0,000
04/12/2019 08:45:18 am;14,350;0,791;0,23;0,9;0,017;0,000;0,000;4,1667E-4;0,000;0,000
04/12/2019 08:45:18 am;14,400;0,804;0,27;0,7;0,017;0,000;-1,745;4,1667E-4;0,000;-0,042
04/12/2019 08:45:18 am;14,450;0,818;0,31;0,5;0,017;-0,175;-1,745;4,1667E-4;-0,004;-0,042
04/12/2019 08:45:18 am;14,500;0,834;0,32;0,3;0,000;-0,175;1,745;0,0000;-0,004;0,042
04/12/2019 08:45:18 am;14,550;0,851;0,33;0,1;0,000;0,000;1,745;0,0000;0,000;0,042
04/12/2019 08:45:18 am;14,600;0,868;0,33;-0,2;0,000;0,000;0,000;0,0000;0,000;0,000
04/12/2019 08:45:18 am;14,650;0,884;0,31;-0,5;0,000;0,000;0,000;0,0000;0,000;0,000
04/12/2019 08:45:18 am;14,700;0,899;0,29;-0,6;0,000;0,000;0,000;0,0000;0,000;0,000
04/12/2019 08:45:18 am;14,750;0,912;0,25;-0,8;0,000;0,000;0,000;0,0000;0,000;0,000
04/12/2019 08:45:18 am;14,800;0,924;0,20;-1,0;0,000;0,000;0,000;0,0000;0,000;0,000
04/12/2019 08:45:18 am;14,850;0,933;0,15;-1,2;0,000;0,000;0,000;0,0000;0,000;0,000
04/12/2019 08:45:18 am;14,900;0,939;0,09;-1,2;0,000;0,000;0,000;0,0000;0,000;0,000
04/12/2019 08:45:18 am;14,950;0,941;0,03;-1,2;0,000;0,000;0,000;0,0000;0,000;0,000
04/12/2019 08:45:19 am;15,000;0,941;-0,03;-1,2;0,000;0,000;0,000;0,0000;0,000;0,000
04/12/2019 08:45:19 am;15,050;0,938;-0,09;-1,2;0,000;0,000;0,000;0,0000;0,000;0,000
04/12/2019 08:45:19 am;15,100;0,932;-0,15;-1,1;0,000;0,000;0,000;0,0000;0,000;0,000
04/12/2019 08:45:19 am;15,150;0,923;-0,20;-0,9;0,000;0,000;0,000;0,0000;0,000;0,000
04/12/2019 08:45:19 am;15,200;0,911;-0,25;-0,7;0,000;0,000;0,000;0,0000;0,000;0,000
04/12/2019 08:45:19 am;15,250;0,898;-0,28;-0,5;0,000;0,000;0,000;0,0000;0,000;0,000
04/12/2019 08:45:19 am;15,300;0,884;-0,30;-0,4;0,000;0,000;0,000;0,0000;0,000;0,000
04/12/2019 08:45:19 am;15,350;0,868;-0,32;-0,2;0,000;0,000;0,000;0,0000;0,000;0,000
04/12/2019 08:45:19 am;15,400;0,852;-0,32;0,1;0,000;0,000;1,745;0,0000;0,000;0,042
04/12/2019 08:45:19 am;15,450;0,836;-0,31;0,4;0,000;0,175;1,745;0,0000;0,004;0,042
04/12/2019 08:45:19 am;15,500;0,821;-0,28;0,6;0,017;0,175;-1,745;4,1667E-4;0,004;-0,042
04/12/2019 08:45:19 am;15,550;0,808;-0,25;0,7;0,017;0,000;-1,745;4,1667E-4;0,000;-0,042
04/12/2019 08:45:19 am;15,600;0,797;-0,21;0,9;0,017;0,000;0,000;4,1667E-4;0,000;0,000
04/12/2019 08:45:19 am;15,650;0,787;-0,16;1,0;0,017;0,000;0,000;4,1667E-4;0,000;0,000
04/12/2019 08:45:19 am;15,700;0,781;-0,10;1,2;0,017;0,000;0,000;4,1667E-4;0,000;0,000
04/12/2019 08:45:19 am;15,750;0,777;-0,04;1,2;0,017;0,000;0,000;4,1667E-4;0,000;0,000
04/12/2019 08:45:19 am;15,800;0,777;0,02;1,1;0,017;0,000;0,000;4,1667E-4;0,000;0,000
04/12/2019 08:45:19 am;15,850;0,779;0,07;1,1;0,017;0,000;0,000;4,1667E-4;0,000;0,000
04/12/2019 08:45:19 am;15,900;0,784;0,13;1,1;0,017;0,000;0,000;4,1667E-4;0,000;0,000
04/12/2019 08:45:19 am;15,950;0,792;0,18;1,0;0,017;0,000;0,000;4,1667E-4;0,000;0,000
04/12/2019 08:45:20 am;16,000;0,802;0,23;0,7;0,017;0,000;0,000;4,1667E-4;0,000;0,000
04/12/2019 08:45:20 am;16,050;0,814;0,26;0,6;0,017;0,000;-1,745;4,1667E-4;0,000;-0,042
04/12/2019 08:45:20 am;16,100;0,828;0,28;0,4;0,017;-0,175;-1,745;4,1667E-4;-0,004;-0,042
04/12/2019 08:45:20 am;16,150;0,843;0,30;0,2;0,000;-0,175;1,745;0,0000;-0,004;0,042
04/12/2019 08:45:20 am;16,200;0,858;0,30;0,0;0,000;0,000;1,745;0,0000;0,000;0,042
04/12/2019 08:45:20 am;16,250;0,873;0,30;-0,3;0,000;0,000;0,000;0,0000;0,000;0,000
04/12/2019 08:45:20 am;16,300;0,887;0,27;-0,5;0,000;0,000;0,000;0,0000;0,000;0,000
04/12/2019 08:45:20 am;16,350;0,901;0,24;-0,7;0,000;0,000;0,000;0,0000;0,000;0,000
04/12/2019 08:45:20 am;16,400;0,912;0,21;-0,8;0,000;0,000;0,000;0,0000;0,000;0,000
04/12/2019 08:45:20 am;16,450;0,921;0,16;-0,9;0,000;0,000;0,000;0,0000;0,000;0,000
04/12/2019 08:45:20 am;16,500;0,928;0,11;-1,1;0,000;0,000;0,000;0,0000;0,000;0,000
04/12/2019 08:45:20 am;16,550;0,932;0,05;-1,2;0,000;0,000;0,000;0,0000;0,000;0,000
04/12/2019 08:45:20 am;16,600;0,934;0,00;-1,1;0,000;0,000;0,000;0,0000;0,000;0,000
04/12/2019 08:45:20 am;16,650;0,932;-0,05;-1,1;0,000;0,000;0,000;0,0000;0,000;0,000
04/12/2019 08:45:20 am;16,700;0,928;-0,11;-1,1;0,000;0,000;0,000;0,0000;0,000;0,000
04/12/2019 08:45:20 am;16,750;0,921;-0,16;-0,9;0,000;0,000;0,000;0,0000;0,000;0,000
04/12/2019 08:45:20 am;16,800;0,912;-0,20;-0,8;0,000;0,000;0,000;0,0000;0,000;0,000
04/12/2019 08:45:20 am;16,850;0,901;-0,24;-0,6;0,000;0,000;0,000;0,0000;0,000;0,000
04/12/2019 08:45:20 am;16,900;0,888;-0,26;-0,4;0,000;0,000;0,000;0,0000;0,000;0,000
04/12/2019 08:45:20 am;16,950;0,875;-0,28;-0,3;0,000;0,000;0,000;0,0000;0,000;0,000
04/12/2019 08:45:21 am;17,000;0,861;-0,29;0,0;0,000;0,000;0,000;0,0000;0,000;0,000
04/12/2019 08:45:21 am;17,050;0,846;-0,28;0,2;0,000;0,000;1,745;0,0000;0,000;0,042
04/12/2019 08:45:21 am;17,100;0,833;-0,27;0,4;0,000;0,175;1,745;0,0000;0,004;0,042
04/12/2019 08:45:21 am;17,150;0,820;-0,24;0,6;0,017;0,175;-1,745;4,1667E-4;0,004;-0,042
04/12/2019 08:45:21 am;17,200;0,809;-0,21;0,7;0,017;0,000;-1,745;4,1667E-4;0,000;-0,042
04/12/2019 08:45:21 am;17,250;0,799;-0,17;0,8;0,017;0,000;0,000;4,1667E-4;0,000;0,000
04/12/2019 08:45:21 am;17,300;0,791;-0,12;1,0;0,017;0,000;0,000;4,1667E-4;0,000;0,000
04/12/2019 08:45:21 am;17,350;0,787;-0,07;1,1;0,017;0,000;0,000;4,1667E-4;0,000;0,000
04/12/2019 08:45:21 am;17,400;0,784;-0,01;1,1;0,017;0,000;0,000;4,1667E-4;0,000;0,000
04/12/2019 08:45:21 am;17,450;0,785;0,04;1,0;0,017;0,000;0,000;4,1667E-4;0,000;0,000
04/12/2019 08:45:21 am;17,500;0,789;0,09;1,0;0,017;0,000;0,000;4,1667E-4;0,000;0,000
04/12/2019 08:45:21 am;17,550;0,794;0,14;0,9;0,017;0,000;0,000;4,1667E-4;0,000;0,000
04/12/2019 08:45:21 am;17,600;0,803;0,18;0,8;0,017;0,000;0,000;4,1667E-4;0,000;0,000
04/12/2019 08:45:21 am;17,650;0,813;0,22;0,6;0,017;0,000;-1,745;4,1667E-4;0,000;-0,042
04/12/2019 08:45:21 am;17,700;0,824;0,25;0,4;0,017;-0,175;-1,745;4,1667E-4;-0,004;-0,042
04/12/2019 08:45:21 am;17,750;0,837;0,26;0,2;0,000;-0,175;1,745;0,0000;-0,004;0,042
04/12/2019 08:45:21 am;17,800;0,851;0,27;0,1;0,000;0,000;1,745;0,0000;0,000;0,042
04/12/2019 08:45:21 am;17,850;0,864;0,27;-0,1;0,000;0,000;0,000;0,0000;0,000;0,000
04/12/2019 08:45:21 am;17,900;0,878;0,26;-0,4;0,000;0,000;0,000;0,0000;0,000;0,000
04/12/2019 08:45:21 am;17,950;0,890;0,24;-0,6;0,000;0,000;0,000;0,0000;0,000;0,000
04/12/2019 08:45:22 am;18,000;0,901;0,20;-0,7;0,000;0,000;0,000;0,0000;0,000;0,000
04/12/2019 08:45:22 am;18,050;0,911;0,17;-0,8;0,000;0,000;0,000;0,0000;0,000;0,000
04/12/2019 08:45:22 am;18,100;0,918;0,13;-0,9;0,000;0,000;0,000;0,0000;0,000;0,000
04/12/2019 08:45:22 am;18,150;0,923;0,08;-1,0;0,000;0,000;0,000;0,0000;0,000;0,000
04/12/2019 08:45:22 am;18,200;0,926;0,02;-1,1;0,000;0,000;0,000;0,0000;0,000;0,000
04/12/2019 08:45:22 am;18,250;0,926;-0,03;-1,0;0,000;0,000;0,000;0,0000;0,000;0,000
04/12/2019 08:45:22 am;18,300;0,923;-0,07;-0,9;0,000;0,000;0,000;0,0000;0,000;0,000
04/12/2019 08:45:22 am;18,350;0,918;-0,12;-0,9;0,000;0,000;0,000;0,0000;0,000;0,000
04/12/2019 08:45:22 am;18,400;0,911;-0,17;-0,8;0,000;0,000;0,000;0,0000;0,000;0,000
04/12/2019 08:45:22 am;18,450;0,902;-0,20;-0,6;0,000;0,000;0,000;0,0000;0,000;0,000
04/12/2019 08:45:22 am;18,500;0,891;-0,23;-0,4;0,000;0,000;0,000;0,0000;0,000;0,000
04/12/2019 08:45:22 am;18,550;0,879;-0,24;-0,3;0,000;0,000;0,000;0,0000;0,000;0,000
04/12/2019 08:45:22 am;18,600;0,867;-0,25;-0,2;0,000;0,000;0,000;0,0000;0,000;0,000
04/12/2019 08:45:22 am;18,650;0,854;-0,26;0,0;0,000;0,000;0,000;0,0000;0,000;0,000
04/12/2019 08:45:22 am;18,700;0,841;-0,25;0,3;0,000;0,000;1,745;0,0000;0,000;0,042
04/12/2019 08:45:22 am;18,750;0,829;-0,23;0,5;0,000;0,175;1,745;0,0000;0,004;0,042
04/12/2019 08:45:22 am;18,800;0,818;-0,20;0,6;0,017;0,175;-1,745;4,1667E-4;0,004;-0,042
04/12/2019 08:45:22 am;18,850;0,809;-0,17;0,7;0,017;0,000;-1,745;4,1667E-4;0,000;-0,042
04/12/2019 08:45:22 am;18,900;0,801;-0,13;0,8;0,017;0,000;0,000;4,1667E-4;0,000;0,000
04/12/2019 08:45:22 am;18,950;0,795;-0,09;0,9;0,017;0,000;0,000;4,1667E-4;0,000;0,000
04/12/2019 08:45:23 am;19,000;0,792;-0,04;1,0;0,017;0,000;0,000;4,1667E-4;0,000;0,000
04/12/2019 08:45:23 am;19,050;0,791;0,02;1,1;0,017;0,000;0,000;4,1667E-4;0,000;0,000
04/12/2019 08:45:23 am;19,100;0,794;0,07;0,9;0,017;0,000;0,000;4,1667E-4;0,000;0,000
04/12/2019 08:45:23 am;19,150;0,798;0,10;0,8;0,017;0,000;0,000;4,1667E-4;0,000;0,000
04/12/2019 08:45:23 am;19,200;0,804;0,14;0,8;0,017;0,000;0,000;4,1667E-4;0,000;0,000
04/12/2019 08:45:23 am;19,250;0,813;0,18;0,7;0,017;0,000;0,000;4,1667E-4;0,000;0,000
04/12/2019 08:45:23 am;19,300;0,823;0,21;0,5;0,017;0,000;-1,745;4,1667E-4;0,000;-0,042
04/12/2019 08:45:23 am;19,350;0,834;0,23;0,3;0,017;-0,175;-1,745;4,1667E-4;-0,004;-0,042
04/12/2019 08:45:23 am;19,400;0,846;0,24;0,1;0,000;-0,175;1,745;0,0000;-0,004;0,042
04/12/2019 08:45:23 am;19,450;0,858;0,25;0,0;0,000;0,000;1,745;0,0000;0,000;0,042
04/12/2019 08:45:23 am;19,500;0,870;0,24;-0,2;0,000;0,000;0,000;0,0000;0,000;0,000
04/12/2019 08:45:23 am;19,550;0,882;0,22;-0,4;0,000;0,000;0,000;0,0000;0,000;0,000
04/12/2019 08:45:23 am;19,600;0,893;0,20;-0,6;0,000;0,000;0,000;0,0000;0,000;0,000
04/12/2019 08:45:23 am;19,650;0,902;0,17;-0,7;0,000;0,000;0,000;0,0000;0,000;0,000
04/12/2019 08:45:23 am;19,700;0,910;0,13;-0,7;0,000;0,000;0,000;0,0000;0,000;0,000
04/12/2019 08:45:23 am;19,750;0,915;0,09;-0,8;0,000;0,000;0,000;0,0000;0,000;0,000
04/12/2019 08:45:23 am;19,800;0,919;0,05;-1,0;0,000;0,000;0,000;0,0000;0,000;0,000
04/12/2019 08:45:23 am;19,850;0,920;-0,01;-1,0;0,000;0,000;0,000;0,0000;0,000;0,000
04/12/2019 08:45:23 am;19,900;0,918;-0,05;-0,9;0,000;0,000;0,000;0,0000;0,000;0,000
04/12/2019 08:45:23 am;19,950;0,915;-0,09;-0,8;0,000;0,000;0,000;0,0000;0,000;0,000
04/12/2019 08:45:24 am;20,000;0,909;-0,13;-0,7;0,000;0,000;0,000;0,0000;0,000;0,000
04/12/2019 08:45:24 am;20,050;0,902;-0,16;-0,7;0,000;0,000;0,000;0,0000;0,000;0,000
04/12/2019 08:45:24 am;20,100;0,893;-0,20;-0,5;0,000;0,000;0,000;0,0000;0,000;0,000
04/12/2019 08:45:24 am;20,150;0,882;-0,22;-0,3;0,000;0,000;0,000;0,0000;0,000;0,000
04/12/2019 08:45:24 am;20,200;0,871;-0,23;-0,2;0,000;0,000;0,000;0,0000;0,000;0,000
04/12/2019 08:45:24 am;20,250;0,859;-0,23;0,0;0,000;0,000;0,000;0,0000;0,000;0,000
04/12/2019 08:45:24 am;20,300;0,847;-0,23;0,2;0,000;0,000;1,745;0,0000;0,000;0,042
04/12/2019 08:45:24 am;20,350;0,836;-0,22;0,3;0,000;0,175;1,745;0,0000;0,004;0,042
04/12/2019 08:45:24 am;20,400;0,826;-0,20;0,5;0,017;0,175;-1,745;4,1667E-4;0,004;-0,042
04/12/2019 08:45:24 am;20,450;0,816;-0,17;0,7;0,017;0,000;-1,745;4,1667E-4;0,000;-0,042
04/12/2019 08:45:24 am;20,500;0,809;-0,13;0,7;0,017;0,000;0,000;4,1667E-4;0,000;0,000
04/12/2019 08:45:24 am;20,550;0,803;-0,10;0,8;0,017;0,000;0,000;4,1667E-4;0,000;0,000
04/12/2019 08:45:24 am;20,600;0,799;-0,05;0,9;0,017;0,000;0,000;4,1667E-4;0,000;0,000
04/12/2019 08:45:24 am;20,650;0,798;-0,01;0,9;0,017;0,000;0,000;4,1667E-4;0,000;0,000
04/12/2019 08:45:24 am;20,700;0,799;0,04;0,9;0,017;0,000;0,000;4,1667E-4;0,000;0,000
04/12/2019 08:45:24 am;20,750;0,802;0,09;0,8;0,017;0,000;0,000;4,1667E-4;0,000;0,000
04/12/2019 08:45:24 am;20,800;0,807;0,12;0,7;0,017;0,000;0,000;4,1667E-4;0,000;0,000
04/12/2019 08:45:24 am;20,850;0,814;0,15;0,6;0,017;0,000;0,000;4,1667E-4;0,000;0,000
04/12/2019 08:45:24 am;20,900;0,822;0,18;0,6;0,017;0,000;-1,745;4,1667E-4;0,000;-0,042
04/12/2019 08:45:24 am;20,950;0,832;0,21;0,5;0,017;-0,175;-1,745;4,1667E-4;-0,004;-0,042
04/12/2019 08:45:25 am;21,000;0,843;0,23;0,2;0,000;-0,175;1,745;0,0000;-0,004;0,042
04/12/2019 08:45:25 am;21,050;0,854;0,23;-0,1;0,000;0,000;1,745;0,0000;0,000;0,042
04/12/2019 08:45:25 am;21,100;0,866;0,22;-0,2;0,000;0,000;0,000;0,0000;0,000;0,000
04/12/2019 08:45:25 am;21,150;0,876;0,21;-0,3;0,000;0,000;0,000;0,0000;0,000;0,000
04/12/2019 08:45:25 am;21,200;0,887;0,19;-0,5;0,000;0,000;0,000;0,0000;0,000;0,000
04/12/2019 08:45:25 am;21,250;0,895;0,16;-0,6;0,000;0,000;0,000;0,0000;0,000;0,000
04/12/2019 08:45:25 am;21,300;0,903;0,13;-0,7;0,000;0,000;0,000;0,0000;0,000;0,000
04/12/2019 08:45:25 am;21,350;0,909;0,10;-0,7;0,000;0,000;0,000;0,0000;0,000;0,000
04/12/2019 08:45:25 am;21,400;0,913;0,06;-0,8;0,000;0,000;0,000;0,0000;0,000;0,000
04/12/2019 08:45:25 am;21,450;0,915;0,01;-1,0;0,000;0,000;0,000;0,0000;0,000;0,000
04/12/2019 08:45:25 am;21,500;0,914;-0,04;-0,9;0,000;0,000;0,000;0,0000;0,000;0,000
04/12/2019 08:45:25 am;21,550;0,911;-0,08;-0,8;0,000;0,000;0,000;0,0000;0,000;0,000
04/12/2019 08:45:25 am;21,600;0,906;-0,11;-0,6;0,000;0,000;0,000;0,0000;0,000;0,000
04/12/2019 08:45:25 am;21,650;0,900;-0,14;-0,5;0,000;0,000;0,000;0,0000;0,000;0,000
04/12/2019 08:45:25 am;21,700;0,892;-0,17;-0,5;0,000;0,000;0,000;0,0000;0,000;0,000
04/12/2019 08:45:25 am;21,750;0,883;-0,19;-0,5;0,000;0,000;0,000;0,0000;0,000;0,000
04/12/2019 08:45:25 am;21,800;0,873;-0,21;-0,2;0,000;0,000;0,000;0,0000;0,000;0,000
04/12/2019 08:45:25 am;21,850;0,862;-0,22;0,0;0,000;0,000;0,000;0,0000;0,000;0,000
04/12/2019 08:45:25 am;21,900;0,851;-0,21;0,2;0,000;0,000;0,000;0,0000;0,000;0,000
04/12/2019 08:45:25 am;21,950;0,841;-0,20;0,2;0,000;0,000;1,745;0,0000;0,000;0,042
04/12/2019 08:45:26 am;22,000;0,831;-0,19;0,4;0,000;0,175;1,745;0,0000;0,004;0,042
04/12/2019 08:45:26 am;22,050;0,823;-0,16;0,5;0,017;0,175;-1,745;4,1667E-4;0,004;-0,042
04/12/2019 08:45:26 am;22,100;0,815;-0,13;0,7;0,017;0,000;-1,745;4,1667E-4;0,000;-0,042
04/12/2019 08:45:26 am;22,150;0,809;-0,10;0,7;0,017;0,000;0,000;4,1667E-4;0,000;0,000
04/12/2019 08:45:26 am;22,200;0,805;-0,06;0,8;0,017;0,000;0,000;4,1667E-4;0,000;0,000
04/12/2019 08:45:26 am;22,250;0,803;-0,02;0,8;0,017;0,000;0,000;4,1667E-4;0,000;0,000
04/12/2019 08:45:26 am;22,300;0,803;0,02;0,9;0,017;0,000;0,000;4,1667E-4;0,000;0,000
04/12/2019 08:45:26 am;22,350;0,805;0,06;0,8;0,017;0,000;0,000;4,1667E-4;0,000;0,000
04/12/2019 08:45:26 am;22,400;0,809;0,10;0,7;0,017;0,000;0,000;4,1667E-4;0,000;0,000
04/12/2019 08:45:26 am;22,450;0,815;0,13;0,6;0,017;0,000;0,000;4,1667E-4;0,000;0,000
04/12/2019 08:45:26 am;22,500;0,822;0,16;0,5;0,017;0,000;-1,745;4,1667E-4;0,000;-0,042
04/12/2019 08:45:26 am;22,550;0,831;0,18;0,4;0,017;-0,175;-1,745;4,1667E-4;-0,004;-0,042
04/12/2019 08:45:26 am;22,600;0,840;0,20;0,3;0,000;-0,175;1,745;0,0000;-0,004;0,042
04/12/2019 08:45:26 am;22,650;0,851;0,21;0,0;0,000;0,000;1,745;0,0000;0,000;0,042
04/12/2019 08:45:26 am;22,700;0,861;0,20;-0,1;0,000;0,000;0,000;0,0000;0,000;0,000
04/12/2019 08:45:26 am;22,750;0,871;0,20;-0,2;0,000;0,000;0,000;0,0000;0,000;0,000
04/12/2019 08:45:26 am;22,800;0,881;0,18;-0,3;0,000;0,000;0,000;0,0000;0,000;0,000
04/12/2019 08:45:26 am;22,850;0,889;0,16;-0,4;0,000;0,000;0,000;0,0000;0,000;0,000
04/12/2019 08:45:26 am;22,900;0,897;0,14;-0,6;0,000;0,000;0,000;0,0000;0,000;0,000
04/12/2019 08:45:26 am;22,950;0,903;0,10;-0,7;0,000;0,000;0,000;0,0000;0,000;0,000
04/12/2019 08:45:27 am;23,000;0,907;0,06;-0,8;0,000;0,000;0,000;0,0000;0,000;0,000
04/12/2019 08:45:27 am;23,050;0,910;0,02;-0,8;0,000;0,000;0,000;0,0000;0,000;0,000
04/12/2019 08:45:27 am;23,100;0,910;-0,01;-0,8;0,000;0,000;0,000;0,0000;0,000;0,000
04/12/2019 08:45:27 am;23,150;0,908;-0,05;-0,8;0,000;0,000;0,000;0,0000;0,000;0,000
04/12/2019 08:45:27 am;23,200;0,904;-0,09;-0,7;0,000;0,000;0,000;0,0000;0,000;0,000
04/12/2019 08:45:27 am;23,250;0,899;-0,12;-0,5;0,000;0,000;0,000;0,0000;0,000;0,000
04/12/2019 08:45:27 am;23,300;0,892;-0,14;-0,5;0,000;0,000;0,000;0,0000;0,000;0,000
04/12/2019 08:45:27 am;23,350;0,885;-0,17;-0,5;0,000;0,000;0,000;0,0000;0,000;0,000
04/12/2019 08:45:27 am;23,400;0,875;-0,19;-0,3;0,000;0,000;0,000;0,0000;0,000;0,000
04/12/2019 08:45:27 am;23,450;0,865;-0,20;-0,1;0,000;0,000;0,000;0,0000;0,000;0,000
04/12/2019 08:45:27 am;23,500;0,855;-0,20;0,1;0,000;0,000;0,000;0,0000;0,000;0,000
04/12/2019 08:45:27 am;23,550;0,845;-0,19;0,3;0,000;0,000;0,000;0,0000;0,000;0,000
04/12/2019 08:45:27 am;23,600;0,836;-0,17;0,3;0,000;0,000;1,745;0,0000;0,000;0,042
04/12/2019 08:45:27 am;23,650;0,828;-0,16;0,4;0,000;0,175;1,745;0,0000;0,004;0,042
04/12/2019 08:45:27 am;23,700;0,820;-0,14;0,5;0,017;0,175;-1,745;4,1667E-4;0,004;-0,042
04/12/2019 08:45:27 am;23,750;0,814;-0,11;0,7;0,017;0,000;-1,745;4,1667E-4;0,000;-0,042
04/12/2019 08:45:27 am;23,800;0,809;-0,07;0,8;0,017;0,000;0,000;4,1667E-4;0,000;0,000
04/12/2019 08:45:27 am;23,850;0,807;-0,03;0,7;0,017;0,000;0,000;4,1667E-4;0,000;0,000
04/12/2019 08:45:27 am;23,900;0,807;0,01;0,7;0,017;0,000;0,000;4,1667E-4;0,000;0,000
04/12/2019 08:45:27 am;23,950;0,808;0,04;0,7;0,017;0,000;0,000;4,1667E-4;0,000;0,000
04/12/2019 08:45:28 am;24,000;0,811;0,08;0,7;0,017;0,000;0,000;4,1667E-4;0,000;0,000
04/12/2019 08:45:28 am;24,050;0,815;0,11;0,6;0,017;0,000;0,000;4,1667E-4;0,000;0,000
04/12/2019 08:45:28 am;24,100;0,822;0,14;0,5;0,017;0,000;-1,745;4,1667E-4;0,000;-0,042
04/12/2019 08:45:28 am;24,150;0,829;0,16;0,4;0,017;-0,175;-1,745;4,1667E-4;-0,004;-0,042
04/12/2019 08:45:28 am;24,200;0,838;0,18;0,3;0,000;-0,175;1,745;0,0000;-0,004;0,042
04/12/2019 08:45:28 am;24,250;0,847;0,19;0,2;0,000;0,000;1,745;0,0000;0,000;0,042
04/12/2019 08:45:28 am;24,300;0,857;0,19;-0,1;0,000;0,000;0,000;0,0000;0,000;0,000
04/12/2019 08:45:28 am;24,350;0,867;0,18;-0,2;0,000;0,000;0,000;0,0000;0,000;0,000
04/12/2019 08:45:28 am;24,400;0,876;0,17;-0,3;0,000;0,000;0,000;0,0000;0,000;0,000
04/12/2019 08:45:28 am;24,450;0,884;0,16;-0,3;0,000;0,000;0,000;0,0000;0,000;0,000
04/12/2019 08:45:28 am;24,500;0,891;0,14;-0,5;0,000;0,000;0,000;0,0000;0,000;0,000
04/12/2019 08:45:28 am;24,550;0,898;0,11;-0,6;0,000;0,000;0,000;0,0000;0,000;0,000
04/12/2019 08:45:28 am;24,600;0,902;0,07;-0,7;0,000;0,000;0,000;0,0000;0,000;0,000
04/12/2019 08:45:28 am;24,650;0,905;0,04;-0,7;0,000;0,000;0,000;0,0000;0,000;0,000
04/12/2019 08:45:28 am;24,700;0,906;0,00;-0,7;0,000;0,000;0,000;0,0000;0,000;0,000
04/12/2019 08:45:28 am;24,750;0,905;-0,03;-0,7;0,000;0,000;0,000;0,0000;0,000;0,000
04/12/2019 08:45:28 am;24,800;0,903;-0,07;-0,7;0,000;0,000;0,000;0,0000;0,000;0,000
04/12/2019 08:45:28 am;24,850;0,899;-0,10;-0,7;0,000;0,000;0,000;0,0000;0,000;0,000
04/12/2019 08:45:28 am;24,900;0,893;-0,13;-0,5;0,000;0,000;0,000;0,0000;0,000;0,000
04/12/2019 08:45:28 am;24,950;0,886;-0,16;-0,4;0,000;0,000;0,000;0,0000;0,000;0,000
04/12/2019 08:45:29 am;25,000;0,877;-0,17;-0,2;0,000;0,000;0,000;0,0000;0,000;0,000
04/12/2019 08:45:29 am;25,050;0,869;-0,18;-0,1;0,000;0,000;0,000;0,0000;0,000;0,000
04/12/2019 08:45:29 am;25,100;0,859;-0,19;0,0;0,000;0,000;0,000;0,0000;0,000;0,000
04/12/2019 08:45:29 am;25,150;0,850;-0,18;0,1;0,000;0,000;0,000;0,0000;0,000;0,000
04/12/2019 08:45:29 am;25,200;0,841;-0,17;0,3;0,000;0,000;1,745;0,0000;0,000;0,042
04/12/2019 08:45:29 am;25,250;0,833;-0,16;0,4;0,000;0,175;1,745;0,0000;0,004;0,042
04/12/2019 08:45:29 am;25,300;0,825;-0,14;0,4;0,017;0,175;-1,745;4,1667E-4;0,004;-0,042
04/12/2019 08:45:29 am;25,350;0,819;-0,11;0,6;0,017;0,000;-1,745;4,1667E-4;0,000;-0,042
04/12/2019 08:45:29 am;25,400;0,814;-0,08;0,7;0,017;0,000;0,000;4,1667E-4;0,000;0,000
04/12/2019 08:45:29 am;25,450;0,811;-0,04;0,8;0,017;0,000;0,000;4,1667E-4;0,000;0,000
04/12/2019 08:45:29 am;25,500;0,810;0,00;0,6;0,017;0,000;0,000;4,1667E-4;0,000;0,000
04/12/2019 08:45:29 am;25,550;0,811;0,02;0,6;0,017;0,000;0,000;4,1667E-4;0,000;0,000
04/12/2019 08:45:29 am;25,600;0,813;0,06;0,6;0,017;0,000;0,000;4,1667E-4;0,000;0,000
04/12/2019 08:45:29 am;25,650;0,816;0,09;0,7;0,017;0,000;0,000;4,1667E-4;0,000;0,000
04/12/2019 08:45:29 am;25,700;0,821;0,12;0,6;0,017;0,000;0,000;4,1667E-4;0,000;0,000
04/12/2019 08:45:29 am;25,750;0,828;0,15;0,4;0,017;0,000;-1,745;4,1667E-4;0,000;-0,042
04/12/2019 08:45:29 am;25,800;0,836;0,16;0,2;0,017;-0,175;-1,745;4,1667E-4;-0,004;-0,042
04/12/2019 08:45:29 am;25,850;0,844;0,17;0,1;0,000;-0,175;1,745;0,0000;-0,004;0,042
04/12/2019 08:45:29 am;25,900;0,853;0,18;0,1;0,000;0,000;1,745;0,0000;0,000;0,042
04/12/2019 08:45:29 am;25,950;0,862;0,18;0,0;0,000;0,000;0,000;0,0000;0,000;0,000
04/12/2019 08:45:30 am;26,000;0,871;0,17;-0,3;0,000;0,000;0,000;0,0000;0,000;0,000
04/12/2019 08:45:30 am;26,050;0,879;0,15;-0,4;0,000;0,000;0,000;0,0000;0,000;0,000
04/12/2019 08:45:30 am;26,100;0,886;0,14;-0,4;0,000;0,000;0,000;0,0000;0,000;0,000
04/12/2019 08:45:30 am;26,150;0,893;0,11;-0,5;0,000;0,000;0,000;0,0000;0,000;0,000
04/12/2019 08:45:30 am;26,200;0,897;0,08;-0,6;0,000;0,000;0,000;0,0000;0,000;0,000
04/12/2019 08:45:30 am;26,250;0,901;0,05;-0,7;0,000;0,000;0,000;0,0000;0,000;0,000
04/12/2019 08:45:30 am;26,300;0,903;0,02;-0,7;0,000;0,000;0,000;0,0000;0,000;0,000
04/12/2019 08:45:30 am;26,350;0,903;-0,02;-0,7;0,000;0,000;0,000;0,0000;0,000;0,000
04/12/2019 08:45:30 am;26,400;0,901;-0,05;-0,6;0,000;0,000;0,000;0,0000;0,000;0,000
04/12/2019 08:45:30 am;26,450;0,897;-0,08;-0,5;0,000;0,000;0,000;0,0000;0,000;0,000
04/12/2019 08:45:30 am;26,500;0,893;-0,11;-0,6;0,000;0,000;0,000;0,0000;0,000;0,000
04/12/2019 08:45:30 am;26,550;0,887;-0,13;-0,5;0,000;0,000;0,000;0,0000;0,000;0,000
04/12/2019 08:45:30 am;26,600;0,880;-0,15;-0,3;0,000;0,000;0,000;0,0000;0,000;0,000
04/12/2019 08:45:30 am;26,650;0,871;-0,16;-0,2;0,000;0,000;0,000;0,0000;0,000;0,000
04/12/2019 08:45:30 am;26,700;0,863;-0,17;-0,1;0,000;0,000;0,000;0,0000;0,000;0,000
04/12/2019 08:45:30 am;26,750;0,854;-0,17;0,0;0,000;0,000;0,000;0,0000;0,000;0,000
04/12/2019 08:45:30 am;26,800;0,846;-0,17;0,2;0,000;0,000;0,000;0,0000;0,000;0,000
04/12/2019 08:45:30 am;26,850;0,838;-0,16;0,3;0,000;0,000;1,745;0,0000;0,000;0,042
04/12/2019 08:45:30 am;26,900;0,830;-0,14;0,4;0,000;0,175;1,745;0,0000;0,004;0,042
04/12/2019 08:45:30 am;26,950;0,824;-0,11;0,5;0,017;0,175;-1,745;4,1667E-4;0,004;-0,042
04/12/2019 08:45:31 am;27,000;0,819;-0,09;0,5;0,017;0,000;-1,745;4,1667E-4;0,000;-0,042
04/12/2019 08:45:31 am;27,050;0,815;-0,06;0,7;0,017;0,000;0,000;4,1667E-4;0,000;0,000
04/12/2019 08:45:31 am;27,100;0,813;-0,02;0,7;0,017;0,000;0,000;4,1667E-4;0,000;0,000
04/12/2019 08:45:31 am;27,150;0,813;0,01;0,7;0,017;0,000;0,000;4,1667E-4;0,000;0,000
04/12/2019 08:45:31 am;27,200;0,815;0,04;0,6;0,017;0,000;0,000;4,1667E-4;0,000;0,000
04/12/2019 08:45:31 am;27,250;0,817;0,07;0,6;0,017;0,000;0,000;4,1667E-4;0,000;0,000
04/12/2019 08:45:31 am;27,300;0,822;0,10;0,5;0,017;0,000;0,000;4,1667E-4;0,000;0,000
04/12/2019 08:45:31 am;27,350;0,827;0,12;0,5;0,017;0,000;-1,745;4,1667E-4;0,000;-0,042
04/12/2019 08:45:31 am;27,400;0,834;0,15;0,4;0,017;-0,175;-1,745;4,1667E-4;-0,004;-0,042
04/12/2019 08:45:31 am;27,450;0,842;0,16;0,2;0,000;-0,175;1,745;0,0000;-0,004;0,042
04/12/2019 08:45:31 am;27,500;0,850;0,17;0,0;0,000;0,000;1,745;0,0000;0,000;0,042
04/12/2019 08:45:31 am;27,550;0,858;0,17;-0,1;0,000;0,000;0,000;0,0000;0,000;0,000
04/12/2019 08:45:31 am;27,600;0,867;0,16;-0,1;0,000;0,000;0,000;0,0000;0,000;0,000
04/12/2019 08:45:31 am;27,650;0,874;0,15;-0,2;0,000;0,000;0,000;0,0000;0,000;0,000
04/12/2019 08:45:31 am;27,700;0,882;0,14;-0,4;0,000;0,000;0,000;0,0000;0,000;0,000
04/12/2019 08:45:31 am;27,750;0,888;0,11;-0,5;0,000;0,000;0,000;0,0000;0,000;0,000
04/12/2019 08:45:31 am;27,800;0,893;0,09;-0,5;0,000;0,000;0,000;0,0000;0,000;0,000
04/12/2019 08:45:31 am;27,850;0,897;0,06;-0,6;0,000;0,000;0,000;0,0000;0,000;0,000
04/12/2019 08:45:31 am;27,900;0,899;0,03;-0,7;0,000;0,000;0,000;0,0000;0,000;0,000
04/12/2019 08:45:31 am;27,950;0,899;-0,01;-0,7;0,000;0,000;0,000;0,0000;0,000;0,000
04/12/2019 08:45:32 am;28,000;0,898;-0,04;-0,6;0,000;0,000;0,000;0,0000;0,000;0,000
04/12/2019 08:45:32 am;28,050;0,896;-0,07;-0,5;0,000;0,000;0,000;0,0000;0,000;0,000
04/12/2019 08:45:32 am;28,100;0,892;-0,09;-0,5;0,000;0,000;0,000;0,0000;0,000;0,000
04/12/2019 08:45:32 am;28,150;0,887;-0,11;-0,5;0,000;0,000;0,000;0,0000;0,000;0,000
04/12/2019 08:45:32 am;28,200;0,881;-0,14;-0,4;0,000;0,000;0,000;0,0000;0,000;0,000
04/12/2019 08:45:32 am;28,250;0,873;-0,15;-0,2;0,000;0,000;0,000;0,0000;0,000;0,000
04/12/2019 08:45:32 am;28,300;0,865;-0,16;-0,1;0,000;0,000;0,000;0,0000;0,000;0,000
04/12/2019 08:45:32 am;28,350;0,857;-0,16;0,1;0,000;0,000;0,000;0,0000;0,000;0,000
04/12/2019 08:45:32 am;28,400;0,850;-0,15;0,1;0,000;0,000;0,000;0,0000;0,000;0,000
04/12/2019 08:45:32 am;28,450;0,842;-0,15;0,2;0,000;0,000;0,000;0,0000;0,000;0,000
04/12/2019 08:45:32 am;28,500;0,835;-0,14;0,3;0,000;0,000;1,745;0,0000;0,000;0,042
04/12/2019 08:45:32 am;28,550;0,829;-0,11;0,5;0,000;0,175;1,745;0,0000;0,004;0,042
04/12/2019 08:45:32 am;28,600;0,823;-0,09;0,6;0,017;0,175;-1,745;4,1667E-4;0,004;-0,042
04/12/2019 08:45:32 am;28,650;0,820;-0,06;0,5;0,017;0,000;-1,745;4,1667E-4;0,000;-0,042
04/12/2019 08:45:32 am;28,700;0,817;-0,03;0,6;0,017;0,000;0,000;4,1667E-4;0,000;0,000
04/12/2019 08:45:32 am;28,750;0,816;0,00;0,6;0,017;0,000;0,000;4,1667E-4;0,000;0,000
04/12/2019 08:45:32 am;28,800;0,817;0,03;0,6;0,017;0,000;0,000;4,1667E-4;0,000;0,000
04/12/2019 08:45:32 am;28,850;0,819;0,06;0,6;0,017;0,000;0,000;4,1667E-4;0,000;0,000
04/12/2019 08:45:32 am;28,900;0,823;0,08;0,5;0,017;0,000;0,000;4,1667E-4;0,000;0,000
04/12/2019 08:45:32 am;28,950;0,827;0,10;0,4;0,017;0,000;-1,745;4,1667E-4;0,000;-0,042
04/12/2019 08:45:33 am;29,000;0,833;0,13;0,4;0,017;-0,175;-1,745;4,1667E-4;-0,004;-0,042
04/12/2019 08:45:33 am;29,050;0,840;0,15;0,3;0,000;-0,175;1,745;0,0000;-0,004;0,042
04/12/2019 08:45:33 am;29,100;0,848;0,15;0,1;0,000;0,000;1,745;0,0000;0,000;0,042
04/12/2019 08:45:33 am;29,150;0,855;0,15;0,0;0,000;0,000;0,000;0,0000;0,000;0,000
04/12/2019 08:45:33 am;29,200;0,863;0,15;-0,1;0,000;0,000;0,000;0,0000;0,000;0,000
04/12/2019 08:45:33 am;29,250;0,870;0,14;-0,2;0,000;0,000;0,000;0,0000;0,000;0,000
04/12/2019 08:45:33 am;29,300;0,877;0,13;-0,2;0,000;0,000;0,000;0,0000;0,000;0,000
04/12/2019 08:45:33 am;29,350;0,883;0,11;-0,4;0,000;0,000;0,000;0,0000;0,000;0,000
04/12/2019 08:45:33 am;29,400;0,888;0,09;-0,5;0,000;0,000;0,000;0,0000;0,000;0,000
04/12/2019 08:45:33 am;29,450;0,892;0,06;-0,6;0,000;0,000;0,000;0,0000;0,000;0,000
04/12/2019 08:45:33 am;29,500;0,895;0,03;-0,6;0,000;0,000;0,000;0,0000;0,000;0,000
04/12/2019 08:45:33 am;29,550;0,895;0,01;-0,5;0,000;0,000;0,000;0,0000;0,000;0,000
04/12/2019 08:45:33 am;29,600;0,895;-0,02;-0,6;0,000;0,000;0,000;0,0000;0,000;0,000
04/12/2019 08:45:33 am;29,650;0,893;-0,05;-0,6;0,000;0,000;0,000;0,0000;0,000;0,000
04/12/2019 08:45:33 am;29,700;0,890;-0,08;-0,5;0,000;0,000;0,000;0,0000;0,000;0,000
04/12/2019 08:45:33 am;29,750;0,886;-0,10;-0,4;0,000;0,000;0,000;0,0000;0,000;0,000
04/12/2019 08:45:33 am;29,800;0,880;-0,11;-0,3;0,000;0,000;0,000;0,0000;0,000;0,000
04/12/2019 08:45:33 am;29,850;0,874;-0,13;-0,3;0,000;0,000;0,000;0,0000;0,000;0,000
04/12/2019 08:45:33 am;29,900;0,867;-0,14;-0,2;0,000;0,000;0,000;0,0000;0,000;0,000
04/12/2019 08:45:33 am;29,950;0,860;-0,15;0,0;0,000;0,000;0,000;0,0000;0,000;0,000
04/12/2019 08:45:34 am;30,000;0,853;-0,14;0,1;0,000;0,000;0,000;0,0000;0,000;0,000
04/12/2019 08:45:34 am;30,050;0,846;-0,13;0,2;0,000;0,000;0,000;0,0000;0,000;0,000
04/12/2019 08:45:34 am;30,100;0,839;-0,12;0,3;0,000;0,000;1,745;0,0000;0,000;0,042
04/12/2019 08:45:34 am;30,150;0,833;-0,11;0,3;0,000;0,175;1,745;0,0000;0,004;0,042
04/12/2019 08:45:34 am;30,200;0,829;-0,09;0,5;0,017;0,175;-1,745;4,1667E-4;0,004;-0,042
04/12/2019 08:45:34 am;30,250;0,825;-0,06;0,5;0,017;0,000;-1,745;4,1667E-4;0,000;-0,042
04/12/2019 08:45:34 am;30,300;0,822;-0,04;0,5;0,017;0,000;0,000;4,1667E-4;0,000;0,000
04/12/2019 08:45:34 am;30,350;0,821;-0,01;0,5;0,017;0,000;0,000;4,1667E-4;0,000;0,000
04/12/2019 08:45:34 am;30,400;0,821;0,02;0,5;0,017;0,000;0,000;4,1667E-4;0,000;0,000
04/12/2019 08:45:34 am;30,450;0,823;0,04;0,5;0,017;0,000;0,000;4,1667E-4;0,000;0,000
04/12/2019 08:45:34 am;30,500;0,826;0,07;0,5;0,017;0,000;0,000;4,1667E-4;0,000;0,000
04/12/2019 08:45:34 am;30,550;0,830;0,09;0,3;0,017;0,000;-1,745;4,1667E-4;0,000;-0,042
04/12/2019 08:45:34 am;30,600;0,835;0,11;0,3;0,017;-0,175;-1,745;4,1667E-4;-0,004;-0,042
04/12/2019 08:45:34 am;30,650;0,841;0,12;0,3;0,000;-0,175;1,745;0,0000;-0,004;0,042
04/12/2019 08:45:34 am;30,700;0,847;0,13;0,1;0,000;0,000;1,745;0,0000;0,000;0,042
04/12/2019 08:45:34 am;30,750;0,854;0,14;0,1;0,000;0,000;0,000;0,0000;0,000;0,000
04/12/2019 08:45:34 am;30,800;0,861;0,14;-0,1;0,000;0,000;0,000;0,0000;0,000;0,000
04/12/2019 08:45:34 am;30,850;0,868;0,13;-0,2;0,000;0,000;0,000;0,0000;0,000;0,000
04/12/2019 08:45:34 am;30,900;0,874;0,12;-0,2;0,000;0,000;0,000;0,0000;0,000;0,000
04/12/2019 08:45:34 am;30,950;0,879;0,10;-0,3;0,000;0,000;0,000;0,0000;0,000;0,000
04/12/2019 08:45:35 am;31,000;0,884;0,09;-0,4;0,000;0,000;0,000;0,0000;0,000;0,000
04/12/2019 08:45:35 am;31,050;0,888;0,07;-0,5;0,000;0,000;0,000;0,0000;0,000;0,000
04/12/2019 08:45:35 am;31,100;0,891;0,04;-0,5;0,000;0,000;0,000;0,0000;0,000;0,000
04/12/2019 08:45:35 am;31,150;0,892;0,01;-0,5;0,000;0,000;0,000;0,0000;0,000;0,000
04/12/2019 08:45:35 am;31,200;0,892;-0,01;-0,5;0,000;0,000;0,000;0,0000;0,000;0,000
04/12/2019 08:45:35 am;31,250;0,890;-0,03;-0,4;0,000;0,000;0,000;0,0000;0,000;0,000
04/12/2019 08:45:35 am;31,300;0,888;-0,06;-0,5;0,000;0,000;0,000;0,0000;0,000;0,000
04/12/2019 08:45:35 am;31,350;0,885;-0,09;-0,5;0,000;0,000;0,000;0,0000;0,000;0,000
04/12/2019 08:45:35 am;31,400;0,880;-0,11;-0,3;0,000;0,000;0,000;0,0000;0,000;0,000
04/12/2019 08:45:35 am;31,450;0,874;-0,12;-0,2;0,000;0,000;0,000;0,0000;0,000;0,000
04/12/2019 08:45:35 am;31,500;0,868;-0,13;-0,1;0,000;0,000;0,000;0,0000;0,000;0,000
04/12/2019 08:45:35 am;31,550;0,861;-0,13;-0,1;0,000;0,000;0,000;0,0000;0,000;0,000
04/12/2019 08:45:35 am;31,600;0,855;-0,13;0,0;0,000;0,000;0,000;0,0000;0,000;0,000
04/12/2019 08:45:35 am;31,650;0,848;-0,13;0,2;0,000;0,000;0,000;0,0000;0,000;0,000
04/12/2019 08:45:35 am;31,700;0,842;-0,12;0,3;0,000;0,000;0,000;0,0000;0,000;0,000
04/12/2019 08:45:35 am;31,750;0,836;-0,10;0,3;0,000;0,000;1,745;0,0000;0,000;0,042
04/12/2019 08:45:35 am;31,800;0,832;-0,09;0,4;0,000;0,175;1,745;0,0000;0,004;0,042
04/12/2019 08:45:35 am;31,850;0,828;-0,06;0,4;0,017;0,175;-1,745;4,1667E-4;0,004;-0,042
04/12/2019 08:45:35 am;31,900;0,825;-0,04;0,5;0,017;0,000;-1,745;4,1667E-4;0,000;-0,042
04/12/2019 08:45:35 am;31,950;0,824;-0,01;0,6;0,017;0,000;0,000;4,1667E-4;0,000;0,000
04/12/2019 08:45:36 am;32,000;0,824;0,01;0,5;0,017;0,000;0,000;4,1667E-4;0,000;0,000
04/12/2019 08:45:36 am;32,050;0,825;0,03;0,4;0,017;0,000;0,000;4,1667E-4;0,000;0,000
04/12/2019 08:45:36 am;32,100;0,828;0,06;0,4;0,017;0,000;0,000;4,1667E-4;0,000;0,000
04/12/2019 08:45:36 am;32,150;0,831;0,08;0,4;0,017;0,000;-1,745;4,1667E-4;0,000;-0,042
04/12/2019 08:45:36 am;32,200;0,836;0,10;0,4;0,017;-0,175;-1,745;4,1667E-4;-0,004;-0,042
04/12/2019 08:45:36 am;32,250;0,841;0,12;0,2;0,000;-0,175;1,745;0,0000;-0,004;0,042
04/12/2019 08:45:36 am;32,300;0,847;0,12;0,1;0,000;0,000;1,745;0,0000;0,000;0,042
04/12/2019 08:45:36 am;32,350;0,853;0,13;0,0;0,000;0,000;0,000;0,0000;0,000;0,000
04/12/2019 08:45:36 am;32,400;0,860;0,12;0,0;0,000;0,000;0,000;0,0000;0,000;0,000
04/12/2019 08:45:36 am;32,450;0,866;0,12;-0,1;0,000;0,000;0,000;0,0000;0,000;0,000
04/12/2019 08:45:36 am;32,500;0,872;0,12;-0,3;0,000;0,000;0,000;0,0000;0,000;0,000
04/12/2019 08:45:36 am;32,550;0,877;0,10;-0,4;0,000;0,000;0,000;0,0000;0,000;0,000
04/12/2019 08:45:36 am;32,600;0,882;0,08;-0,4;0,000;0,000;0,000;0,0000;0,000;0,000
04/12/2019 08:45:36 am;32,650;0,886;0,06;-0,4;0,000;0,000;0,000;0,0000;0,000;0,000
04/12/2019 08:45:36 am;32,700;0,888;0,04;-0,4;0,000;0,000;0,000;0,0000;0,000;0,000
04/12/2019 08:45:36 am;32,750;0,890;0,02;-0,5;0,000;0,000;0,000;0,0000;0,000;0,000
04/12/2019 08:45:36 am;32,800;0,889;-0,01;-0,5;0,000;0,000;0,000;0,0000;0,000;0,000
04/12/2019 08:45:36 am;32,850;0,888;-0,04;-0,4;0,000;0,000;0,000;0,0000;0,000;0,000
04/12/2019 08:45:36 am;32,900;0,886;-0,05;-0,4;0,000;0,000;0,000;0,0000;0,000;0,000
04/12/2019 08:45:36 am;32,950;0,883;-0,07;-0,4;0,000;0,000;0,000;0,0000;0,000;0,000
04/12/2019 08:45:37 am;33,000;0,878;-0,10;-0,3;0,000;0,000;0,000;0,0000;0,000;0,000
04/12/2019 08:45:37 am;33,050;0,873;-0,11;-0,2;0,000;0,000;0,000;0,0000;0,000;0,000
04/12/2019 08:45:37 am;33,100;0,868;-0,12;-0,1;0,000;0,000;0,000;0,0000;0,000;0,000
04/12/2019 08:45:37 am;33,150;0,861;-0,12;0,0;0,000;0,000;0,000;0,0000;0,000;0,000
04/12/2019 08:45:37 am;33,200;0,855;-0,12;0,0;0,000;0,000;0,000;0,0000;0,000;0,000
04/12/2019 08:45:37 am;33,250;0,849;-0,12;0,1;0,000;0,000;0,000;0,0000;0,000;0,000
04/12/2019 08:45:37 am;33,300;0,844;-0,11;0,2;0,000;0,000;0,000;0,0000;0,000;0,000
04/12/2019 08:45:37 am;33,350;0,838;-0,10;0,3;0,000;0,000;0,000;0,0000;0,000;0,000
04/12/2019 08:45:37 am;33,400;0,834;-0,08;0,4;0,000;0,000;1,745;0,0000;0,000;0,042
04/12/2019 08:45:37 am;33,450;0,831;-0,06;0,3;0,000;0,175;1,745;0,0000;0,004;0,042
04/12/2019 08:45:37 am;33,500;0,828;-0,04;0,4;0,017;0,175;-1,745;4,1667E-4;0,004;-0,042
04/12/2019 08:45:37 am;33,550;0,826;-0,02;0,5;0,017;0,000;-1,745;4,1667E-4;0,000;-0,042
04/12/2019 08:45:37 am;33,600;0,826;0,01;0,5;0,017;0,000;0,000;4,1667E-4;0,000;0,000
04/12/2019 08:45:37 am;33,650;0,827;0,03;0,5;0,017;0,000;0,000;4,1667E-4;0,000;0,000
04/12/2019 08:45:37 am;33,700;0,829;0,05;0,4;0,017;0,000;0,000;4,1667E-4;0,000;0,000
04/12/2019 08:45:37 am;33,750;0,832;0,07;0,3;0,017;0,000;-1,745;4,1667E-4;0,000;-0,042
04/12/2019 08:45:37 am;33,800;0,837;0,09;0,3;0,017;-0,175;-1,745;4,1667E-4;-0,004;-0,042
04/12/2019 08:45:37 am;33,850;0,841;0,10;0,3;0,000;-0,175;1,745;0,0000;-0,004;0,042
04/12/2019 08:45:37 am;33,900;0,847;0,12;0,2;0,000;0,000;1,745;0,0000;0,000;0,042
04/12/2019 08:45:37 am;33,950;0,853;0,12;0,0;0,000;0,000;0,000;0,0000;0,000;0,000
04/12/2019 08:45:38 am;34,000;0,859;0,12;-0,1;0,000;0,000;0,000;0,0000;0,000;0,000
04/12/2019 08:45:38 am;34,050;0,865;0,11;-0,1;0,000;0,000;0,000;0,0000;0,000;0,000
04/12/2019 08:45:38 am;34,100;0,870;0,11;-0,2;0,000;0,000;0,000;0,0000;0,000;0,000
04/12/2019 08:45:38 am;34,150;0,875;0,10;-0,2;0,000;0,000;0,000;0,0000;0,000;0,000
04/12/2019 08:45:38 am;34,200;0,880;0,08;-0,4;0,000;0,000;0,000;0,0000;0,000;0,000
04/12/2019 08:45:38 am;34,250;0,884;0,06;-0,4;0,000;0,000;0,000;0,0000;0,000;0,000
04/12/2019 08:45:38 am;34,300;0,886;0,04;-0,4;0,000;0,000;0,000;0,0000;0,000;0,000
04/12/2019 08:45:38 am;34,350;0,887;0,02;-0,4;0,000;0,000;0,000;0,0000;0,000;0,000
04/12/2019 08:45:38 am;34,400;0,888;0,00;-0,5;0,000;0,000;0,000;0,0000;0,000;0,000
04/12/2019 08:45:38 am;34,450;0,887;-0,03;-0,5;0,000;0,000;0,000;0,0000;0,000;0,000
04/12/2019 08:45:38 am;34,500;0,885;-0,05;-0,4;0,000;0,000;0,000;0,0000;0,000;0,000
04/12/2019 08:45:38 am;34,550;0,882;-0,07;-0,3;0,000;0,000;0,000;0,0000;0,000;0,000
04/12/2019 08:45:38 am;34,600;0,878;-0,08;-0,3;0,000;0,000;0,000;0,0000;0,000;0,000
04/12/2019 08:45:38 am;34,650;0,874;-0,10;-0,3;0,000;0,000;0,000;0,0000;0,000;0,000
04/12/2019 08:45:38 am;34,700;0,868;-0,11;-0,2;0,000;0,000;0,000;0,0000;0,000;0,000
04/12/2019 08:45:38 am;34,750;0,863;-0,12;-0,1;0,000;0,000;0,000;0,0000;0,000;0,000
04/12/2019 08:45:38 am;34,800;0,857;-0,12;0,1;0,000;0,000;0,000;0,0000;0,000;0,000
04/12/2019 08:45:38 am;34,850;0,851;-0,11;0,2;0,000;0,000;0,000;0,0000;0,000;0,000
04/12/2019 08:45:38 am;34,900;0,845;-0,10;0,1;0,000;0,000;0,000;0,0000;0,000;0,000
04/12/2019 08:45:38 am;34,950;0,840;-0,10;0,2;0,000;0,000;0,000;0,0000;0,000;0,000
04/12/2019 08:45:39 am;35,000;0,836;-0,08;0,3;0,000;0,000;0,000;0,0000;0,000;0,000
04/12/2019 08:45:39 am;35,050;0,832;-0,06;0,4;0,000;0,000;0,000;0,0000;0,000;0,000
04/12/2019 08:45:39 am;35,100;0,829;-0,04;0,5;0,000;0,000;1,745;0,0000;0,000;0,042
04/12/2019 08:45:39 am;35,150;0,828;-0,02;0,4;0,000;0,175;1,745;0,0000;0,004;0,042
04/12/2019 08:45:39 am;35,200;0,828;6,43E-4;0,4;0,017;0,175;-1,745;4,1667E-4;0,004;-0,042
04/12/2019 08:45:39 am;35,250;0,828;0,02;0,4;0,017;0,000;-1,745;4,1667E-4;0,000;-0,042
04/12/2019 08:45:39 am;35,300;0,830;0,05;0,4;0,017;0,000;0,000;4,1667E-4;0,000;0,000
04/12/2019 08:45:39 am;35,350;0,833;0,07;0,4;0,017;0,000;-1,745;4,1667E-4;0,000;-0,042
04/12/2019 08:45:39 am;35,400;0,837;0,09;0,3;0,017;-0,175;-1,745;4,1667E-4;-0,004;-0,042
04/12/2019 08:45:39 am;35,450;0,841;0,09;0,2;0,000;-0,175;1,745;0,0000;-0,004;0,042
04/12/2019 08:45:39 am;35,500;0,846;0,10;0,2;0,000;0,000;1,745;0,0000;0,000;0,042
04/12/2019 08:45:39 am;35,550;0,852;0,12;0,1;0,000;0,000;0,000;0,0000;0,000;0,000
04/12/2019 08:45:39 am;35,600;0,858;0,12;0,0;0,000;0,000;0,000;0,0000;0,000;0,000
04/12/2019 08:45:39 am;35,650;0,863;0,11;-0,1;0,000;0,000;0,000;0,0000;0,000;0,000
04/12/2019 08:45:39 am;35,700;0,869;0,10;-0,2;0,000;0,000;0,000;0,0000;0,000;0,000
04/12/2019 08:45:39 am;35,750;0,874;0,09;-0,2;0,000;0,000;0,000;0,0000;0,000;0,000
04/12/2019 08:45:39 am;35,800;0,878;0,08;-0,3;0,000;0,000;0,000;0,0000;0,000;0,000
04/12/2019 08:45:39 am;35,850;0,882;0,07;-0,4;0,000;0,000;0,000;0,0000;0,000;0,000
04/12/2019 08:45:39 am;35,900;0,885;0,04;-0,4;0,000;0,000;0,000;0,0000;0,000;0,000
04/12/2019 08:45:39 am;35,950;0,886;0,02;-0,4;0,000;0,000;0,000;0,0000;0,000;0,000
04/12/2019 08:45:40 am;36,000;0,887;-8,34E-4;-0,4;0,000;0,000;0,000;0,0000;0,000;0,000
04/12/2019 08:45:40 am;36,050;0,886;-0,02;-0,4;0,000;0,000;0,000;0,0000;0,000;0,000
04/12/2019 08:45:40 am;36,100;0,885;-0,04;-0,5;0,000;0,000;0,000;0,0000;0,000;0,000
04/12/2019 08:45:40 am;36,150;0,883;-0,06;-0,4;0,000;0,000;0,000;0,0000;0,000;0,000
04/12/2019 08:45:40 am;36,200;0,879;-0,08;-0,3;0,000;0,000;0,000;0,0000;0,000;0,000
04/12/2019 08:45:40 am;36,250;0,875;-0,09;-0,2;0,000;0,000;0,000;0,0000;0,000;0,000
04/12/2019 08:45:40 am;36,300;0,870;-0,10;-0,2;0,000;0,000;0,000;0,0000;0,000;0,000
04/12/2019 08:45:40 am;36,350;0,865;-0,11;-0,1;0,000;0,000;0,000;0,0000;0,000;0,000
04/12/2019 08:45:40 am;36,400;0,859;-0,11;-0,1;0,000;0,000;0,000;0,0000;0,000;0,000
04/12/2019 08:45:40 am;36,450;0,853;-0,11;0,0;0,000;0,000;0,000;0,0000;0,000;0,000
04/12/2019 08:45:40 am;36,500;0,848;-0,11;0,2;0,000;0,000;0,000;0,0000;0,000;0,000
04/12/2019 08:45:40 am;36,550;0,842;-0,10;0,3;0,000;0,000;0,000;0,0000;0,000;0,000
04/12/2019 08:45:40 am;36,600;0,838;-0,08;0,3;0,000;0,000;0,000;0,0000;0,000;0,000
04/12/2019 08:45:40 am;36,650;0,834;-0,07;0,3;0,000;0,000;0,000;0,0000;0,000;0,000
04/12/2019 08:45:40 am;36,700;0,831;-0,05;0,4;0,000;0,000;0,000;0,0000;0,000;0,000
04/12/2019 08:45:40 am;36,750;0,829;-0,03;0,5;0,000;0,000;0,000;0,0000;0,000;0,000
04/12/2019 08:45:40 am;36,800;0,828;0,00;0,5;0,000;0,000;0,000;0,0000;0,000;0,000
04/12/2019 08:45:40 am;36,850;0,829;0,02;0,4;0,000;0,000;0,000;0,0000;0,000;0,000
04/12/2019 08:45:40 am;36,900;0,830;0,04;0,3;0,000;0,000;0,000;0,0000;0,000;0,000
04/12/2019 08:45:40 am;36,950;0,832;0,05;0,4;0,000;0,000;0,000;0,0000;0,000;0,000
04/12/2019 08:45:41 am;37,000;0,836;0,07;0,4;0,000;0,000;0,000;0,0000;0,000;0,000
04/12/2019 08:45:41 am;37,050;0,840;0,09;0,3;0,000;0,000;0,000;0,0000;0,000;0,000
04/12/2019 08:45:41 am;37,100;0,845;0,10;0,1;0,000;0,000;0,000;0,0000;0,000;0,000
04/12/2019 08:45:41 am;37,150;0,850;0,11;0,0;0,000;0,000;0,000;0,0000;0,000;0,000
04/12/2019 08:45:41 am;37,200;0,856;0,11;0,0;0,000;0,000;0,000;0,0000;0,000;0,000
04/12/2019 08:45:41 am;37,250;0,861;0,11;0,0;0,000;0,000;0,000;0,0000;0,000;0,000
04/12/2019 08:45:41 am;37,300;0,867;0,11;-0,2;0,000;0,000;0,000;0,0000;0,000;0,000
04/12/2019 08:45:41 am;37,350;0,871;0,09;-0,3;0,000;0,000;0,000;0,0000;0,000;0,000
04/12/2019 08:45:41 am;37,400;0,876;0,08;-0,3;0,000;0,000;0,000;0,0000;0,000;0,000
04/12/2019 08:45:41 am;37,450;0,879;0,06;-0,3;0,000;0,000;0,000;0,0000;0,000;0,000
04/12/2019 08:45:41 am;37,500;0,882;0,05;-0,3;0,000;0,000;0,000;0,0000;0,000;0,000
04/12/2019 08:45:41 am;37,550;0,885;0,03;-0,4;0,000;0,000;0,000;0,0000;0,000;0,000
04/12/2019 08:45:41 am;37,600;0,885;0,01;-0,4;0,000;0,000;0,000;0,0000;0,000;0,000
04/12/2019 08:45:41 am;37,650;0,885;-0,01;-0,4;0,000;0,000;0,000;0,0000;0,000;0,000
04/12/2019 08:45:41 am;37,700;0,884;-0,03;-0,4;0,000;0,000;0,000;0,0000;0,000;0,000
04/12/2019 08:45:41 am;37,750;0,882;-0,05;-0,3;0,000;0,000;0,000;0,0000;0,000;0,000
04/12/2019 08:45:41 am;37,800;0,879;-0,07;-0,3;0,000;0,000;0,000;0,0000;0,000;0,000
04/12/2019 08:45:41 am;37,850;0,875;-0,08;-0,3;0,000;0,000;0,000;0,0000;0,000;0,000
04/12/2019 08:45:41 am;37,900;0,871;-0,10;-0,2;0,000;0,000;0,000;0,0000;0,000;0,000
04/12/2019 08:45:41 am;37,950;0,866;-0,11;-0,1;0,000;0,000;0,000;0,0000;0,000;0,000
04/12/2019 08:45:42 am;38,000;0,860;-0,10;0,0;0,000;0,000;0,000;0,0000;0,000;0,000
04/12/2019 08:45:42 am;38,050;0,855;-0,10;0,0;0,000;0,000;0,000;0,0000;0,000;0,000
04/12/2019 08:45:42 am;38,100;0,850;-0,10;0,1;0,000;0,000;0,000;0,0000;0,000;0,000
04/12/2019 08:45:42 am;38,150;0,845;-0,10;0,2;0,000;0,000;0,000;0,0000;0,000;0,000
04/12/2019 08:45:42 am;38,200;0,840;-0,09;0,3;0,000;0,000;0,000;0,0000;0,000;0,000
04/12/2019 08:45:42 am;38,250;0,836;-0,07;0,4;0,000;0,000;0,000;0,0000;0,000;0,000
04/12/2019 08:45:42 am;38,300;0,834;-0,05;0,3;0,000;0,000;0,000;0,0000;0,000;0,000
04/12/2019 08:45:42 am;38,350;0,832;-0,04;0,3;0,000;0,000;0,000;0,0000;0,000;0,000
04/12/2019 08:45:42 am;38,400;0,830;-0,02;0,4;0,000;0,000;0,000;0,0000;0,000;0,000
04/12/2019 08:45:42 am;38,450;0,830;0,00;0,4;0,000;0,000;0,000;0,0000;0,000;0,000
04/12/2019 08:45:42 am;38,500;0,831;0,03;0,4;0,000;0,000;0,000;0,0000;0,000;0,000
04/12/2019 08:45:42 am;38,550;0,833;0,05;0,3;0,000;0,000;0,000;0,0000;0,000;0,000
04/12/2019 08:45:42 am;38,600;0,835;0,06;0,3;0,000;0,000;0,000;0,0000;0,000;0,000
04/12/2019 08:45:42 am;38,650;0,839;0,08;0,3;0,000;0,000;0,000;0,0000;0,000;0,000
04/12/2019 08:45:42 am;38,700;0,843;0,09;0,2;0,000;0,000;0,000;0,0000;0,000;0,000
04/12/2019 08:45:42 am;38,750;0,848;0,10;0,1;0,000;0,000;0,000;0,0000;0,000;0,000
04/12/2019 08:45:42 am;38,800;0,853;0,10;0,0;0,000;0,000;0,000;0,0000;0,000;0,000
04/12/2019 08:45:42 am;38,850;0,858;0,10;-0,1;0,000;0,000;0,000;0,0000;0,000;0,000
04/12/2019 08:45:42 am;38,900;0,863;0,10;0,0;0,000;0,000;0,000;0,0000;0,000;0,000
04/12/2019 08:45:42 am;38,950;0,868;0,10;-0,1;0,000;0,000;0,000;0,0000;0,000;0,000
04/12/2019 08:45:43 am;39,000;0,873;0,09;-0,3;0,000;0,000;0,000;0,0000;0,000;0,000
04/12/2019 08:45:43 am;39,050;0,876;0,07;-0,4;0,000;0,000;0,000;0,0000;0,000;0,000
04/12/2019 08:45:43 am;39,100;0,879;0,05;-0,3;0,000;0,000;0,000;0,0000;0,000;0,000
04/12/2019 08:45:43 am;39,150;0,881;0,03;-0,3;0,000;0,000;0,000;0,0000;0,000;0,000
04/12/2019 08:45:43 am;39,200;0,883;0,02;-0,3;0,000;0,000;0,000;0,0000;0,000;0,000
04/12/2019 08:45:43 am;39,250;0,883;-4,84E-4;-0,4;0,000;0,000;0,000;0,0000;0,000;0,000
04/12/2019 08:45:43 am;39,300;0,883;-0,03;-0,4;0,000;0,000;0,000;0,0000;0,000;0,000
04/12/2019 08:45:43 am;39,350;0,881;-0,04;-0,3;0,000;0,000;0,000;0,0000;0,000;0,000
04/12/2019 08:45:43 am;39,400;0,879;-0,06;-0,3;0,000;0,000;0,000;0,0000;0,000;0,000
04/12/2019 08:45:43 am;39,450;0,875;-0,07;-0,2;0,000;0,000;0,000;0,0000;0,000;0,000
04/12/2019 08:45:43 am;39,500;0,872;-0,08;-0,2;0,000;0,000;0,000;0,0000;0,000;0,000
04/12/2019 08:45:43 am;39,550;0,867;-0,09;-0,2;0,000;0,000;0,000;0,0000;0,000;0,000
04/12/2019 08:45:43 am;39,600;0,862;-0,10;-0,1;0,000;0,000;0,000;0,0000;0,000;0,000
04/12/2019 08:45:43 am;39,650;0,857;-0,10;0,0;0,000;0,000;0,000;0,0000;0,000;0,000
04/12/2019 08:45:43 am;39,700;0,852;-0,09;0,1;0,000;0,000;0,000;0,0000;0,000;0,000
04/12/2019 08:45:43 am;39,750;0,848;-0,09;0,1;0,000;0,000;0,000;0,0000;0,000;0,000
04/12/2019 08:45:43 am;39,800;0,844;-0,08;0,2;0,000;0,000;0,000;0,0000;0,000;0,000
04/12/2019 08:45:43 am;39,850;0,840;-0,07;0,3;0,000;0,000;0,000;0,0000;0,000;0,000
04/12/2019 08:45:43 am;39,900;0,837;-0,06;0,3;0,000;0,000;0,000;0,0000;0,000;0,000
04/12/2019 08:45:43 am;39,950;0,834;-0,04;0,4;0,000;0,000;0,000;0,0000;0,000;0,000
04/12/2019 08:45:44 am;40,000;0,833;-0,02;0,3;0,000;0,000;0,000;0,0000;0,000;0,000
04/12/2019 08:45:44 am;40,050;0,832;0,00;0,3;0,000;0,000;0,000;0,0000;0,000;0,000
04/12/2019 08:45:44 am;40,100;0,833;0,02;0,4;0,000;0,000;0,000;0,0000;0,000;0,000
04/12/2019 08:45:44 am;40,150;0,834;0,04;0,4;0,000;0,000;0,000;0,0000;0,000;0,000
04/12/2019 08:45:44 am;40,200;0,836;0,05;0,3;0,000;0,000;0,000;0,0000;0,000;0,000
04/12/2019 08:45:44 am;40,250;0,839;0,06;0,2;0,000;0,000;0,000;0,0000;0,000;0,000
04/12/2019 08:45:44 am;40,300;0,843;0,08;0,2;0,000;0,000;0,000;0,0000;0,000;0,000
04/12/2019 08:45:44 am;40,350;0,847;0,09;0,2;0,000;0,000;0,000;0,0000;0,000;0,000
04/12/2019 08:45:44 am;40,400;0,851;0,09;0,1;0,000;0,000;0,000;0,0000;0,000;0,000
04/12/2019 08:45:44 am;40,450;0,857;0,10;0,0;0,000;0,000;0,000;0,0000;0,000;0,000
04/12/2019 08:45:44 am;40,500;0,861;0,09;-0,1;0,000;0,000;0,000;0,0000;0,000;0,000
04/12/2019 08:45:44 am;40,550;0,866;0,09;-0,1;0,000;0,000;0,000;0,0000;0,000;0,000
04/12/2019 08:45:44 am;40,600;0,870;0,08;-0,2;0,000;0,000;0,000;0,0000;0,000;0,000
04/12/2019 08:45:44 am;40,650;0,873;0,07;-0,2;0,000;0,000;0,000;0,0000;0,000;0,000
04/12/2019 08:45:44 am;40,700;0,877;0,06;-0,3;0,000;0,000;0,000;0,0000;0,000;0,000
04/12/2019 08:45:44 am;40,750;0,879;0,04;-0,4;0,000;0,000;0,000;0,0000;0,000;0,000
04/12/2019 08:45:44 am;40,800;0,881;0,02;-0,3;0,000;0,000;0,000;0,0000;0,000;0,000
04/12/2019 08:45:44 am;40,850;0,881;0,00;-0,3;0,000;0,000;0,000;0,0000;0,000;0,000
04/12/2019 08:45:44 am;40,900;0,881;-0,01;-0,3;0,000;0,000;0,000;0,0000;0,000;0,000
04/12/2019 08:45:44 am;40,950;0,880;-0,03;-0,4;0,000;0,000;0,000;0,0000;0,000;0,000
04/12/2019 08:45:45 am;41,000;0,878;-0,05;-0,4;0,000;0,000;0,000;0,0000;0,000;0,000
04/12/2019 08:45:45 am;41,050;0,875;-0,06;-0,3;0,000;0,000;0,000;0,0000;0,000;0,000
04/12/2019 08:45:45 am;41,100;0,872;-0,08;-0,2;0,000;0,000;0,000;0,0000;0,000;0,000
04/12/2019 08:45:45 am;41,150;0,868;-0,08;-0,1;0,000;0,000;0,000;0,0000;0,000;0,000
04/12/2019 08:45:45 am;41,200;0,863;-0,09;-0,1;0,000;0,000;0,000;0,0000;0,000;0,000
04/12/2019 08:45:45 am;41,250;0,859;-0,09;-0,1;0,000;0,000;0,000;0,0000;0,000;0,000
04/12/2019 08:45:45 am;41,300;0,854;-0,09;0,0;0,000;0,000;0,000;0,0000;0,000;0,000
04/12/2019 08:45:45 am;41,350;0,850;-0,09;0,2;0,000;0,000;0,000;0,0000;0,000;0,000
04/12/2019 08:45:45 am;41,400;0,846;-0,08;0,2;0,000;0,000;0,000;0,0000;0,000;0,000
04/12/2019 08:45:45 am;41,450;0,842;-0,06;0,2;0,000;0,000;0,000;0,0000;0,000;0,000
04/12/2019 08:45:45 am;41,500;0,839;-0,05;0,2;0,000;0,000;0,000;0,0000;0,000;0,000
04/12/2019 08:45:45 am;41,550;0,837;-0,04;0,3;0,000;0,000;0,000;0,0000;0,000;0,000
04/12/2019 08:45:45 am;41,600;0,835;-0,02;0,4;0,000;0,000;0,000;0,0000;0,000;0,000
04/12/2019 08:45:45 am;41,650;0,835;-8,35E-4;0,4;0,000;0,000;0,000;0,0000;0,000;0,000
04/12/2019 08:45:45 am;41,700;0,835;0,02;0,3;0,000;0,000;0,000;0,0000;0,000;0,000
04/12/2019 08:45:45 am;41,750;0,836;0,03;0,3;0,000;0,000;0,000;0,0000;0,000;0,000
04/12/2019 08:45:45 am;41,800;0,838;0,04;0,3;0,000;0,000;0,000;0,0000;0,000;0,000
04/12/2019 08:45:45 am;41,850;0,840;0,06;0,3;0,000;0,000;0,000;0,0000;0,000;0,000
04/12/2019 08:45:45 am;41,900;0,844;0,07;0,2;0,000;0,000;0,000;0,0000;0,000;0,000
04/12/2019 08:45:45 am;41,950;0,848;0,08;0,1;0,000;0,000;0,000;0,0000;0,000;0,000
04/12/2019 08:45:46 am;42,000;0,852;0,08;0,1;0,000;0,000;0,000;0,0000;0,000;0,000
04/12/2019 08:45:46 am;42,050;0,856;0,08;0,0;0,000;0,000;0,000;0,0000;0,000;0,000
04/12/2019 08:45:46 am;42,100;0,860;0,09;0,0;0,000;0,000;0,000;0,0000;0,000;0,000
04/12/2019 08:45:46 am;42,150;0,864;0,08;-0,1;0,000;0,000;0,000;0,0000;0,000;0,000
04/12/2019 08:45:46 am;42,200;0,868;0,07;-0,2;0,000;0,000;0,000;0,0000;0,000;0,000
04/12/2019 08:45:46 am;42,250;0,872;0,06;-0,2;0,000;0,000;0,000;0,0000;0,000;0,000
04/12/2019 08:45:46 am;42,300;0,874;0,05;-0,2;0,000;0,000;0,000;0,0000;0,000;0,000
04/12/2019 08:45:46 am;42,350;0,877;0,04;-0,3;0,000;0,000;0,000;0,0000;0,000;0,000
04/12/2019 08:45:46 am;42,400;0,878;0,02;-0,4;0,000;0,000;0,000;0,0000;0,000;0,000
04/12/2019 08:45:46 am;42,450;0,879;0,00;-0,4;0,000;0,000;0,000;0,0000;0,000;0,000
04/12/2019 08:45:46 am;42,500;0,879;-0,01;-0,3;0,000;0,000;0,000;0,0000;0,000;0,000
04/12/2019 08:45:46 am;42,550;0,878;-0,03;-0,3;0,000;0,000;0,000;0,0000;0,000;0,000
04/12/2019 08:45:46 am;42,600;0,876;-0,04;-0,2;0,000;0,000;0,000;0,0000;0,000;0,000
04/12/2019 08:45:46 am;42,650;0,874;-0,05;-0,3;0,000;0,000;0,000;0,0000;0,000;0,000
04/12/2019 08:45:46 am;42,700;0,871;-0,07;-0,2;0,000;0,000;0,000;0,0000;0,000;0,000
04/12/2019 08:45:46 am;42,750;0,867;-0,08;-0,2;0,000;0,000;0,000;0,0000;0,000;0,000
04/12/2019 08:45:46 am;42,800;0,863;-0,08;-0,1;0,000;0,000;0,000;0,0000;0,000;0,000
04/12/2019 08:45:46 am;42,850;0,859;-0,08;0,0;0,000;0,000;0,000;0,0000;0,000;0,000
04/12/2019 08:45:46 am;42,900;0,855;-0,08;0,0;0,000;0,000;0,000;0,0000;0,000;0,000
04/12/2019 08:45:46 am;42,950;0,851;-0,08;0,1;0,000;0,000;0,000;0,0000;0,000;0,000
04/12/2019 08:45:47 am;43,000;0,847;-0,07;0,2;0,000;0,000;0,000;0,0000;0,000;0,000
04/12/2019 08:45:47 am;43,050;0,844;-0,06;0,3;0,000;0,000;0,000;0,0000;0,000;0,000
04/12/2019 08:45:47 am;43,100;0,841;-0,05;0,3;0,000;0,000;0,000;0,0000;0,000;0,000
04/12/2019 08:45:47 am;43,150;0,839;-0,03;0,2;0,000;0,000;0,000;0,0000;0,000;0,000
04/12/2019 08:45:47 am;43,200;0,837;-0,02;0,3;0,000;0,000;0,000;0,0000;0,000;0,000
04/12/2019 08:45:47 am;43,250;0,837;-0,01;0,4;0,000;0,000;0,000;0,0000;0,000;0,000
04/12/2019 08:45:47 am;43,300;0,837;0,01;0,3;0,000;0,000;0,000;0,0000;0,000;0,000
04/12/2019 08:45:47 am;43,350;0,838;0,03;0,3;0,000;0,000;0,000;0,0000;0,000;0,000
04/12/2019 08:45:47 am;43,400;0,840;0,04;0,2;0,000;0,000;0,000;0,0000;0,000;0,000
04/12/2019 08:45:47 am;43,450;0,842;0,05;0,2;0,000;0,000;0,000;0,0000;0,000;0,000
04/12/2019 08:45:47 am;43,500;0,845;0,06;0,2;0,000;0,000;0,000;0,0000;0,000;0,000
04/12/2019 08:45:47 am;43,550;0,848;0,08;0,2;0,000;0,000;0,000;0,0000;0,000;0,000
04/12/2019 08:45:47 am;43,600;0,852;0,08;0,0;0,000;0,000;0,000;0,0000;0,000;0,000
04/12/2019 08:45:47 am;43,650;0,856;0,08;0,0;0,000;0,000;0,000;0,0000;0,000;0,000
04/12/2019 08:45:47 am;43,700;0,860;0,08;-0,1;0,000;0,000;0,000;0,0000;0,000;0,000
04/12/2019 08:45:47 am;43,750;0,864;0,07;-0,1;0,000;0,000;0,000;0,0000;0,000;0,000
04/12/2019 08:45:47 am;43,800;0,868;0,07;-0,1;0,000;0,000;0,000;0,0000;0,000;0,000
04/12/2019 08:45:47 am;43,850;0,871;0,06;-0,3;0,000;0,000;0,000;0,0000;0,000;0,000
04/12/2019 08:45:47 am;43,900;0,874;0,05;-0,3;0,000;0,000;0,000;0,0000;0,000;0,000
04/12/2019 08:45:47 am;43,950;0,876;0,03;-0,3;0,000;0,000;0,000;0,0000;0,000;0,000
04/12/2019 08:45:48 am;44,000;0,877;0,02;-0,3;0,000;0,000;0,000;0,0000;0,000;0,000
04/12/2019 08:45:48 am;44,050;0,878;0,01;-0,3;0,000;0,000;0,000;0,0000;0,000;0,000
04/12/2019 08:45:48 am;44,100;0,878;-0,01;-0,3;0,000;0,000;0,000;0,0000;0,000;0,000
04/12/2019 08:45:48 am;44,150;0,877;-0,03;-0,3;0,000;0,000;0,000;0,0000;0,000;0,000
04/12/2019 08:45:48 am;44,200;0,875;-0,04;-0,2;0,000;0,000;0,000;0,0000;0,000;0,000
04/12/2019 08:45:48 am;44,250;0,873;-0,05;-0,2;0,000;0,000;0,000;0,0000;0,000;0,000
04/12/2019 08:45:48 am;44,300;0,870;-0,06;-0,2;0,000;0,000;0,000;0,0000;0,000;0,000
04/12/2019 08:45:48 am;44,350;0,867;-0,07;-0,2;0,000;0,000;0,000;0,0000;0,000;0,000
04/12/2019 08:45:48 am;44,400;0,863;-0,08;-0,1;0,000;0,000;0,000;0,0000;0,000;0,000
04/12/2019 08:45:48 am;44,450;0,859;-0,08;0,0;0,000;0,000;0,000;0,0000;0,000;0,000
04/12/2019 08:45:48 am;44,500;0,855;-0,08;0,1;0,000;0,000;0,000;0,0000;0,000;0,000
04/12/2019 08:45:48 am;44,550;0,851;-0,07;0,1;0,000;0,000;0,000;0,0000;0,000;0,000
04/12/2019 08:45:48 am;44,600;0,848;-0,06;0,1;0,000;0,000;0,000;0,0000;0,000;0,000
04/12/2019 08:45:48 am;44,650;0,845;-0,06;0,2;0,000;0,000;0,000;0,0000;0,000;0,000
04/12/2019 08:45:48 am;44,700;0,842;-0,05;0,2;0,000;0,000;0,000;0,0000;0,000;0,000
04/12/2019 08:45:48 am;44,750;0,840;-0,04;0,3;0,000;0,000;0,000;0,0000;0,000;0,000
04/12/2019 08:45:48 am;44,800;0,838;-0,02;0,3;0,000;0,000;0,000;0,0000;0,000;0,000
04/12/2019 08:45:48 am;44,850;0,838;0,00;0,3;0,000;0,000;0,000;0,0000;0,000;0,000
04/12/2019 08:45:48 am;44,900;0,838;0,01;0,3;0,000;0,000;0,000;0,0000;0,000;0,000
04/12/2019 08:45:48 am;44,950;0,839;0,02;0,3;0,000;0,000;0,000;0,0000;0,000;0,000
04/12/2019 08:45:49 am;45,000;0,840;0,04;0,3;0,000;0,000;0,000;0,0000;0,000;0,000
04/12/2019 08:45:49 am;45,050;0,843;0,05;0,2;0,000;0,000;0,000;0,0000;0,000;0,000
04/12/2019 08:45:49 am;45,100;0,846;0,06;0,2;0,000;0,000;0,000;0,0000;0,000;0,000
04/12/2019 08:45:49 am;45,150;0,849;0,07;0,1;0,000;0,000;0,000;0,0000;0,000;0,000
04/12/2019 08:45:49 am;45,200;0,852;0,07;0,1;0,000;0,000;0,000;0,0000;0,000;0,000
04/12/2019 08:45:49 am;45,250;0,856;0,08;0,1;0,000;0,000;0,000;0,0000;0,000;0,000
04/12/2019 08:45:49 am;45,300;0,860;0,08;-0,1;0,000;0,000;0,000;0,0000;0,000;0,000
04/12/2019 08:45:49 am;45,350;0,864;0,07;-0,2;0,000;0,000;0,000;0,0000;0,000;0,000
04/12/2019 08:45:49 am;45,400;0,867;0,06;-0,1;0,000;0,000;0,000;0,0000;0,000;0,000
04/12/2019 08:45:49 am;45,450;0,870;0,06;-0,1;0,000;0,000;0,000;0,0000;0,000;0,000
04/12/2019 08:45:49 am;45,500;0,873;0,05;-0,2;0,000;0,000;0,000;0,0000;0,000;0,000
04/12/2019 08:45:49 am;45,550;0,875;0,04;-0,3;0,000;0,000;0,000;0,0000;0,000;0,000
04/12/2019 08:45:49 am;45,600;0,877;0,02;-0,3;0,000;0,000;0,000;0,0000;0,000;0,000
04/12/2019 08:45:49 am;45,650;0,877;0,00;-0,3;0,000;0,000;0,000;0,0000;0,000;0,000
04/12/2019 08:45:49 am;45,700;0,877;-0,01;-0,3;0,000;0,000;0,000;0,0000;0,000;0,000
04/12/2019 08:45:49 am;45,750;0,876;-0,02;-0,3;0,000;0,000;0,000;0,0000;0,000;0,000
04/12/2019 08:45:49 am;45,800;0,875;-0,04;-0,3;0,000;0,000;0,000;0,0000;0,000;0,000
04/12/2019 08:45:49 am;45,850;0,873;-0,05;-0,2;0,000;0,000;0,000;0,0000;0,000;0,000
04/12/2019 08:45:49 am;45,900;0,870;-0,06;-0,2;0,000;0,000;0,000;0,0000;0,000;0,000
04/12/2019 08:45:49 am;45,950;0,867;-0,07;-0,1;0,000;0,000;0,000;0,0000;0,000;0,000
04/12/2019 08:45:50 am;46,000;0,863;-0,07;-0,1;0,000;0,000;0,000;0,0000;0,000;0,000
04/12/2019 08:45:50 am;46,050;0,860;-0,07;-0,1;0,000;0,000;0,000;0,0000;0,000;0,000
04/12/2019 08:45:50 am;46,100;0,856;-0,08;0,0;0,000;0,000;0,000;0,0000;0,000;0,000
04/12/2019 08:45:50 am;46,150;0,852;-0,07;0,1;0,000;0,000;0,000;0,0000;0,000;0,000
04/12/2019 08:45:50 am;46,200;0,848;-0,07;0,2;0,000;0,000;0,000;0,0000;0,000;0,000
04/12/2019 08:45:50 am;46,250;0,845;-0,06;0,2;0,000;0,000;0,000;0,0000;0,000;0,000
04/12/2019 08:45:50 am;46,300;0,843;-0,05;0,2;0,000;0,000;0,000;0,0000;0,000;0,000
04/12/2019 08:45:50 am;46,350;0,841;-0,04;0,2;0,000;0,000;0,000;0,0000;0,000;0,000
04/12/2019 08:45:50 am;46,400;0,839;-0,03;0,3;0,000;0,000;0,000;0,0000;0,000;0,000
04/12/2019 08:45:50 am;46,450;0,838;-0,01;0,3;0,000;0,000;0,000;0,0000;0,000;0,000
04/12/2019 08:45:50 am;46,500;0,838;0,01;0,3;0,000;0,000;0,000;0,0000;0,000;0,000
04/12/2019 08:45:50 am;46,550;0,839;0,02;0,2;0,000;0,000;0,000;0,0000;0,000;0,000
04/12/2019 08:45:50 am;46,600;0,840;0,03;0,2;0,000;0,000;0,000;0,0000;0,000;0,000
04/12/2019 08:45:50 am;46,650;0,842;0,04;0,3;0,000;0,000;0,000;0,0000;0,000;0,000
04/12/2019 08:45:50 am;46,700;0,845;0,06;0,2;0,000;0,000;0,000;0,0000;0,000;0,000
04/12/2019 08:45:50 am;46,750;0,848;0,07;0,1;0,000;0,000;0,000;0,0000;0,000;0,000
04/12/2019 08:45:50 am;46,800;0,851;0,07;0,1;0,000;0,000;0,000;0,0000;0,000;0,000
04/12/2019 08:45:50 am;46,850;0,855;0,07;0,0;0,000;0,000;0,000;0,0000;0,000;0,000
04/12/2019 08:45:50 am;46,900;0,858;0,07;0,0;0,000;0,000;0,000;0,0000;0,000;0,000
04/12/2019 08:45:50 am;46,950;0,862;0,07;0,0;0,000;0,000;0,000;0,0000;0,000;0,000
04/12/2019 08:45:51 am;47,000;0,866;0,07;-0,2;0,000;0,000;0,000;0,0000;0,000;0,000
04/12/2019 08:45:51 am;47,050;0,869;0,06;-0,2;0,000;0,000;0,000;0,0000;0,000;0,000
04/12/2019 08:45:51 am;47,100;0,871;0,05;-0,2;0,000;0,000;0,000;0,0000;0,000;0,000
04/12/2019 08:45:51 am;47,150;0,873;0,03;-0,2;0,000;0,000;0,000;0,0000;0,000;0,000
04/12/2019 08:45:51 am;47,200;0,875;0,03;-0,2;0,000;0,000;0,000;0,0000;0,000;0,000
04/12/2019 08:45:51 am;47,250;0,876;0,01;-0,3;0,000;0,000;0,000;0,0000;0,000;0,000
04/12/2019 08:45:51 am;47,300;0,876;0,00;-0,3;0,000;0,000;0,000;0,0000;0,000;0,000
04/12/2019 08:45:51 am;47,350;0,876;-0,02;-0,3;0,000;0,000;0,000;0,0000;0,000;0,000
04/12/2019 08:45:51 am;47,400;0,874;-0,03;-0,2;0,000;0,000;0,000;0,0000;0,000;0,000
04/12/2019 08:45:51 am;47,450;0,873;-0,04;-0,2;0,000;0,000;0,000;0,0000;0,000;0,000
04/12/2019 08:45:51 am;47,500;0,871;-0,05;-0,3;0,000;0,000;0,000;0,0000;0,000;0,000
04/12/2019 08:45:51 am;47,550;0,868;-0,06;-0,2;0,000;0,000;0,000;0,0000;0,000;0,000
04/12/2019 08:45:51 am;47,600;0,864;-0,07;-0,1;0,000;0,000;0,000;0,0000;0,000;0,000
04/12/2019 08:45:51 am;47,650;0,861;-0,07;0,0;0,000;0,000;0,000;0,0000;0,000;0,000
04/12/2019 08:45:51 am;47,700;0,857;-0,07;0,1;0,000;0,000;0,000;0,0000;0,000;0,000
04/12/2019 08:45:51 am;47,750;0,854;-0,07;0,0;0,000;0,000;0,000;0,0000;0,000;0,000
04/12/2019 08:45:51 am;47,800;0,850;-0,07;0,1;0,000;0,000;0,000;0,0000;0,000;0,000
04/12/2019 08:45:51 am;47,850;0,847;-0,06;0,2;0,000;0,000;0,000;0,0000;0,000;0,000
04/12/2019 08:45:51 am;47,900;0,844;-0,05;0,2;0,000;0,000;0,000;0,0000;0,000;0,000
04/12/2019 08:45:51 am;47,950;0,842;-0,04;0,3;0,000;0,000;0,000;0,0000;0,000;0,000
04/12/2019 08:45:52 am;48,000;0,840;-0,02;0,2;0,000;0,000;0,000;0,0000;0,000;0,000
04/12/2019 08:45:52 am;48,050;0,839;-0,02;0,2;0,000;0,000;0,000;0,0000;0,000;0,000
04/12/2019 08:45:52 am;48,100;0,839;0,00;0,3;0,000;0,000;0,000;0,0000;0,000;0,000
04/12/2019 08:45:52 am;48,150;0,839;0,02;0,3;0,000;0,000;0,000;0,0000;0,000;0,000
04/12/2019 08:45:52 am;48,200;0,840;0,03;0,2;0,000;0,000;0,000;0,0000;0,000;0,000
04/12/2019 08:45:52 am;48,250;0,842;0,04;0,2;0,000;0,000;0,000;0,0000;0,000;0,000
04/12/2019 08:45:52 am;48,300;0,844;0,05;0,2;0,000;0,000;0,000;0,0000;0,000;0,000
04/12/2019 08:45:52 am;48,350;0,847;0,06;0,2;0,000;0,000;0,000;0,0000;0,000;0,000
04/12/2019 08:45:52 am;48,400;0,850;0,07;0,1;0,000;0,000;0,000;0,0000;0,000;0,000
04/12/2019 08:45:52 am;48,450;0,853;0,07;0,0;0,000;0,000;0,000;0,0000;0,000;0,000
04/12/2019 08:45:52 am;48,500;0,857;0,07;0,0;0,000;0,000;0,000;0,0000;0,000;0,000
04/12/2019 08:45:52 am;48,550;0,860;0,07;-0,1;0,000;0,000;0,000;0,0000;0,000;0,000
04/12/2019 08:45:52 am;48,600;0,863;0,06;0,0;0,000;0,000;0,000;0,0000;0,000;0,000
04/12/2019 08:45:52 am;48,650;0,867;0,06;-0,1;0,000;0,000;0,000;0,0000;0,000;0,000
04/12/2019 08:45:52 am;48,700;0,870;0,05;-0,2;0,000;0,000;0,000;0,0000;0,000;0,000
04/12/2019 08:45:52 am;48,750;0,872;0,04;-0,2;0,000;0,000;0,000;0,0000;0,000;0,000
04/12/2019 08:45:52 am;48,800;0,874;0,03;-0,2;0,000;0,000;0,000;0,0000;0,000;0,000
04/12/2019 08:45:52 am;48,850;0,875;0,01;-0,2;0,000;0,000;0,000;0,0000;0,000;0,000
04/12/2019 08:45:52 am;48,900;0,875;0,01;-0,2;0,000;0,000;0,000;0,0000;0,000;0,000
04/12/2019 08:45:52 am;48,950;0,875;-0,01;-0,3;0,000;0,000;0,000;0,0000;0,000;0,000
04/12/2019 08:45:53 am;49,000;0,874;-0,03;-0,3;0,000;0,000;0,000;0,0000;0,000;0,000
04/12/2019 08:45:53 am;49,050;0,873;-0,04;-0,2;0,000;0,000;0,000;0,0000;0,000;0,000
04/12/2019 08:45:53 am;49,100;0,871;-0,04;-0,1;0,000;0,000;0,000;0,0000;0,000;0,000
04/12/2019 08:45:53 am;49,150;0,868;-0,05;-0,1;0,000;0,000;0,000;0,0000;0,000;0,000
04/12/2019 08:45:53 am;49,200;0,866;-0,06;-0,2;0,000;0,000;0,000;0,0000;0,000;0,000
04/12/2019 08:45:53 am;49,250;0,862;-0,07;-0,1;0,000;0,000;0,000;0,0000;0,000;0,000
04/12/2019 08:45:53 am;49,300;0,859;-0,07;0,0;0,000;0,000;0,000;0,0000;0,000;0,000
04/12/2019 08:45:53 am;49,350;0,856;-0,07;0,1;0,000;0,000;0,000;0,0000;0,000;0,000
04/12/2019 08:45:53 am;49,400;0,852;-0,06;0,1;0,000;0,000;0,000;0,0000;0,000;0,000
04/12/2019 08:45:53 am;49,450;0,849;-0,06;0,1;0,000;0,000;0,000;0,0000;0,000;0,000
04/12/2019 08:45:53 am;49,500;0,847;-0,05;0,1;0,000;0,000;0,000;0,0000;0,000;0,000
04/12/2019 08:45:53 am;49,550;0,844;-0,04;0,2;0,000;0,000;0,000;0,0000;0,000;0,000
04/12/2019 08:45:53 am;49,600;0,842;-0,03;0,3;0,000;0,000;0,000;0,0000;0,000;0,000
04/12/2019 08:45:53 am;49,650;0,841;-0,02;0,2;0,000;0,000;0,000;0,0000;0,000;0,000
04/12/2019 08:45:53 am;49,700;0,840;-0,01;0,2;0,000;0,000;0,000;0,0000;0,000;0,000
04/12/2019 08:45:53 am;49,750;0,840;0,00;0,3;0,000;0,000;0,000;0,0000;0,000;0,000
04/12/2019 08:45:53 am;49,800;0,841;0,02;0,3;0,000;0,000;0,000;0,0000;0,000;0,000
04/12/2019 08:45:53 am;49,850;0,842;0,03;0,2;0,000;0,000;0,000;0,0000;0,000;0,000
04/12/2019 08:45:53 am;49,900;0,844;0,04;0,2;0,000;0,000;0,000;0,0000;0,000;0,000
04/12/2019 08:45:53 am;49,950;0,846;0,05;0,1;0,000;0,000;0,000;0,0000;0,000;0,000
04/12/2019 08:45:54 am;50,000;0,849;0,05;0,1;0,000;0,000;0,000;0,0000;0,000;0,000
04/12/2019 08:45:54 am;50,050;0,852;0,06;0,1;0,000;0,000;0,000;0,0000;0,000;0,000
04/12/2019 08:45:54 am;50,100;0,855;0,07;0,1;0,000;0,000;0,000;0,0000;0,000;0,000
04/12/2019 08:45:54 am;50,150;0,858;0,07;0,0;0,000;0,000;0,000;0,0000;0,000;0,000
04/12/2019 08:45:54 am;50,200;0,861;0,06;-0,1;0,000;0,000;0,000;0,0000;0,000;0,000
04/12/2019 08:45:54 am;50,250;0,864;0,06;-0,1;0,000;0,000;0,000;0,0000;0,000;0,000
04/12/2019 08:45:54 am;50,300;0,867;0,05;-0,1;0,000;0,000;0,000;0,0000;0,000;0,000
04/12/2019 08:45:54 am;50,350;0,870;0,05;-0,2;0,000;0,000;0,000;0,0000;0,000;0,000
04/12/2019 08:45:54 am;50,400;0,872;0,03;-0,3;0,000;0,000;0,000;0,0000;0,000;0,000
04/12/2019 08:45:54 am;50,450;0,873;0,02;-0,3;0,000;0,000;0,000;0,0000;0,000;0,000
04/12/2019 08:45:54 am;50,500;0,874;0,01;-0,3;0,000;0,000;0,000;0,0000;0,000;0,000
04/12/2019 08:45:54 am;50,550;0,873;-0,01;-0,2;0,000;0,000;0,000;0,0000;0,000;0,000
04/12/2019 08:45:54 am;50,600;0,873;-0,01;-0,2;0,000;0,000;0,000;0,0000;0,000;0,000
04/12/2019 08:45:54 am;50,650;0,872;-0,03;-0,3;0,000;0,000;0,000;0,0000;0,000;0,000
04/12/2019 08:45:54 am;50,700;0,870;-0,04;-0,2;0,000;0,000;0,000;0,0000;0,000;0,000
04/12/2019 08:45:54 am;50,750;0,868;-0,05;-0,2;0,000;0,000;0,000;0,0000;0,000;0,000
04/12/2019 08:45:54 am;50,800;0,866;-0,06;-0,1;0,000;0,000;0,000;0,0000;0,000;0,000
04/12/2019 08:45:54 am;50,850;0,863;-0,05;0,0;0,000;0,000;0,000;0,0000;0,000;0,000
04/12/2019 08:45:54 am;50,900;0,860;-0,06;-0,1;0,000;0,000;0,000;0,0000;0,000;0,000
04/12/2019 08:45:54 am;50,950;0,857;-0,06;0,0;0,000;0,000;0,000;0,0000;0,000;0,000
04/12/2019 08:45:55 am;51,000;0,854;-0,06;0,1;0,000;0,000;0,000;0,0000;0,000;0,000
04/12/2019 08:45:55 am;51,050;0,851;-0,05;0,1;0,000;0,000;0,000;0,0000;0,000;0,000
04/12/2019 08:45:55 am;51,100;0,849;-0,05;0,1;0,000;0,000;0,000;0,0000;0,000;0,000
04/12/2019 08:45:55 am;51,150;0,846;-0,04;0,2;0,000;0,000;0,000;0,0000;0,000;0,000
04/12/2019 08:45:55 am;51,200;0,845;-0,03;0,2;0,000;0,000;0,000;0,0000;0,000;0,000
04/12/2019 08:45:55 am;51,250;0,843;-0,02;0,2;0,000;0,000;0,000;0,0000;0,000;0,000
04/12/2019 08:45:55 am;51,300;0,842;-0,01;0,3;0,000;0,000;0,000;0,0000;0,000;0,000
04/12/2019 08:45:55 am;51,350;0,842;0,00;0,2;0,000;0,000;0,000;0,0000;0,000;0,000
04/12/2019 08:45:55 am;51,400;0,843;0,01;0,2;0,000;0,000;0,000;0,0000;0,000;0,000
04/12/2019 08:45:55 am;51,450;0,844;0,02;0,2;0,000;0,000;0,000;0,0000;0,000;0,000
04/12/2019 08:45:55 am;51,500;0,845;0,03;0,2;0,000;0,000;0,000;0,0000;0,000;0,000
04/12/2019 08:45:55 am;51,550;0,847;0,04;0,2;0,000;0,000;0,000;0,0000;0,000;0,000
04/12/2019 08:45:55 am;51,600;0,849;0,05;0,1;0,000;0,000;0,000;0,0000;0,000;0,000
04/12/2019 08:45:55 am;51,650;0,852;0,05;0,1;0,000;0,000;0,000;0,0000;0,000;0,000
04/12/2019 08:45:55 am;51,700;0,855;0,06;0,0;0,000;0,000;0,000;0,0000;0,000;0,000
04/12/2019 08:45:55 am;51,750;0,858;0,06;0,0;0,000;0,000;0,000;0,0000;0,000;0,000
04/12/2019 08:45:55 am;51,800;0,860;0,06;0,0;0,000;0,000;0,000;0,0000;0,000;0,000
04/12/2019 08:45:55 am;51,850;0,864;0,06;-0,1;0,000;0,000;0,000;0,0000;0,000;0,000
04/12/2019 08:45:55 am;51,900;0,866;0,05;-0,2;0,000;0,000;0,000;0,0000;0,000;0,000
04/12/2019 08:45:55 am;51,950;0,868;0,04;-0,2;0,000;0,000;0,000;0,0000;0,000;0,000
04/12/2019 08:45:56 am;52,000;0,870;0,03;-0,2;0,000;0,000;0,000;0,0000;0,000;0,000
04/12/2019 08:45:56 am;52,050;0,871;0,02;-0,1;0,000;0,000;0,000;0,0000;0,000;0,000
04/12/2019 08:45:56 am;52,100;0,873;0,01;-0,3;0,000;0,000;0,000;0,0000;0,000;0,000
04/12/2019 08:45:56 am;52,150;0,873;0,00;-0,3;0,000;0,000;0,000;0,0000;0,000;0,000
04/12/2019 08:45:56 am;52,200;0,872;-0,01;-0,2;0,000;0,000;0,000;0,0000;0,000;0,000
04/12/2019 08:45:56 am;52,250;0,871;-0,02;-0,2;0,000;0,000;0,000;0,0000;0,000;0,000
04/12/2019 08:45:56 am;52,300;0,870;-0,03;-0,2;0,000;0,000;0,000;0,0000;0,000;0,000
04/12/2019 08:45:56 am;52,350;0,868;-0,04;-0,2;0,000;0,000;0,000;0,0000;0,000;0,000
04/12/2019 08:45:56 am;52,400;0,866;-0,05;-0,1;0,000;0,000;0,000;0,0000;0,000;0,000
04/12/2019 08:45:56 am;52,450;0,863;-0,06;-0,1;0,000;0,000;0,000;0,0000;0,000;0,000
04/12/2019 08:45:56 am;52,500;0,860;-0,06;8,6E-4;0,000;0,000;0,000;0,0000;0,000;0,000
04/12/2019 08:45:56 am;52,550;0,858;-0,05;0,0;0,000;0,000;0,000;0,0000;0,000;0,000
04/12/2019 08:45:56 am;52,600;0,855;-0,06;0,0;0,000;0,000;0,000;0,0000;0,000;0,000
04/12/2019 08:45:56 am;52,650;0,852;-0,05;0,1;0,000;0,000;0,000;0,0000;0,000;0,000
04/12/2019 08:45:56 am;52,700;0,850;-0,05;0,2;0,000;0,000;0,000;0,0000;0,000;0,000
04/12/2019 08:45:56 am;52,750;0,847;-0,04;0,2;0,000;0,000;0,000;0,0000;0,000;0,000
04/12/2019 08:45:56 am;52,800;0,846;-0,03;0,2;0,000;0,000;0,000;0,0000;0,000;0,000
04/12/2019 08:45:56 am;52,850;0,844;-0,02;0,2;0,000;0,000;0,000;0,0000;0,000;0,000
04/12/2019 08:45:56 am;52,900;0,844;-0,01;0,2;0,000;0,000;0,000;0,0000;0,000;0,000
04/12/2019 08:45:56 am;52,950;0,843;-7,59E-4;0,3;0,000;0,000;0,000;0,0000;0,000;0,000
04/12/2019 08:45:57 am;53,000;0,844;0,01;0,3;0,000;0,000;0,000;0,0000;0,000;0,000
04/12/2019 08:45:57 am;53,050;0,845;0,03;0,2;0,000;0,000;0,000;0,0000;0,000;0,000
04/12/2019 08:45:57 am;53,100;0,846;0,03;0,1;0,000;0,000;0,000;0,0000;0,000;0,000
04/12/2019 08:45:57 am;53,150;0,848;0,04;0,1;0,000;0,000;0,000;0,0000;0,000;0,000
04/12/2019 08:45:57 am;53,200;0,850;0,04;0,2;0,000;0,000;0,000;0,0000;0,000;0,000
04/12/2019 08:45:57 am;53,250;0,852;0,05;0,1;0,000;0,000;0,000;0,0000;0,000;0,000
04/12/2019 08:45:57 am;53,300;0,855;0,06;;0,000;0,000;0,000;0,0000;0,000;0,000
04/12/2019 08:45:57 am;53,350;0,858;;;0,000;0,000;;0,0000;0,000;
04/12/2019 08:45:57 am;53,400;;;;0,000;;;0,0000;;
